Sites	Indel_prop	Indel_prop(ConvLeaves)	PCOC_V1	PC_V1	OC_V1
1	0.0535714285714	0.103448275862	3.01932282129e-15	0.5	2.38081918527e-14
2	0.0535714285714	0.103448275862	1.031678854e-09	0.5	2.07392803794e-08
3	0.0535714285714	0.103448275862	1.69184998786e-15	0.5	5.46876900946e-15
4	0.0535714285714	0.103448275862	2.25370982527e-17	0.5	4.96833338858e-17
5	0.0535714285714	0.103448275862	1.28758026711e-12	0.5	2.41533192152e-11
6	0.0535714285714	0.103448275862	3.25830087591e-11	0.5	3.74138589616e-10
7	0.0535714285714	0.103448275862	1.73337898946e-17	0.5	9.90099761539e-17
8	0.0535714285714	0.103448275862	2.25370982527e-17	0.5	4.96833338858e-17
9	0.0535714285714	0.103448275862	2.55108619353e-17	0.5	2.12805549174e-17
10	0.0535714285714	0.103448275862	4.96228893063e-15	0.5	1.9887860791e-14
11	0.0535714285714	0.103448275862	2.25370982527e-17	0.5	4.96833338858e-17
12	0.0535714285714	0.103448275862	4.20957995248e-13	0.5	2.36100614119e-12
13	0.0535714285714	0.103448275862	8.95214320876e-14	0.5	5.65313609516e-13
14	0.0535714285714	0.103448275862	1.28758026711e-12	0.5	2.41533192152e-11
15	0.0535714285714	0.103448275862	2.06506336122e-14	0.5	1.27189274708e-13
16	0.0535714285714	0.103448275862	1.12557742253e-12	0.5	2.59109562568e-11
17	0.0535714285714	0.103448275862	8.88353165536e-12	0.5	2.29163681306e-11
18	0.0535714285714	0.103448275862	1.45781594208e-14	0.5	8.32023277965e-14
19	0.0535714285714	0.103448275862	1.52992337257e-14	0.5	1.77564143516e-13
20	0.0535714285714	0.103448275862	5.55992572991e-14	0.5	7.00401365226e-13
21	0.0535714285714	0.103448275862	8.95214320876e-14	0.5	5.65313609516e-13
22	0.0535714285714	0.103448275862	1.69244350456e-12	0.5	2.06138843556e-11
23	0.0535714285714	0.103448275862	3.4278256097e-13	0.5	2.87946827697e-11
24	0.0535714285714	0.103448275862	4.91872259347e-11	0.5	9.14094452632e-11
25	0.0535714285714	0.103448275862	2.08410816565e-10	0.5	6.98810316544e-09
26	0.0535714285714	0.103448275862	5.55992572991e-14	0.5	7.00401365226e-13
27	0.0535714285714	0.103448275862	2.61969533188e-14	0.5	3.05434328707e-13
28	0.0535714285714	0.103448275862	1.18410178579e-13	0.5	1.86040941605e-12
29	0.0535714285714	0.103448275862	3.70049083554e-13	0.5	1.2150137276e-11
30	0.0535714285714	0.103448275862	3.66109828039e-13	0.5	2.83933603723e-11
31	0.0535714285714	0.103448275862	1.33998769176e-10	0.5	1.60154002634e-09
32	0.0535714285714	0.103448275862	5.55992572991e-14	0.5	7.00401365226e-13
33	0.0535714285714	0.103448275862	2.61969533188e-14	0.5	3.05434328707e-13
34	0.0535714285714	0.103448275862	3.66109828039e-13	0.5	2.83933603723e-11
35	0.0535714285714	0.103448275862	2.61969533188e-14	0.5	3.05434328707e-13
36	0.0535714285714	0.103448275862	2.61969533188e-14	0.5	3.05434328707e-13
37	0.0535714285714	0.103448275862	3.4780212827e-13	0.5	1.74078634556e-12
38	0.0535714285714	0.103448275862	9.24022281066e-06	0.5	0.000823824150631
39	0.0535714285714	0.103448275862	2.61969533188e-14	0.5	3.05434328707e-13
40	0.0535714285714	0.103448275862	4.4807028005e-14	0.5	3.83375341422e-13
41	0.0535714285714	0.103448275862	3.29224398774e-14	0.5	9.17422521072e-12
42	0.0535714285714	0.103448275862	1.52992337257e-14	0.5	1.77564143516e-13
43	0.0535714285714	0.103448275862	2.34922978954e-14	0.5	5.80835572857e-13
44	0.0535714285714	0.103448275862	4.4807028005e-14	0.5	3.83375341422e-13
45	0.0535714285714	0.103448275862	4.4807028005e-14	0.5	3.83375341422e-13
46	0.0535714285714	0.103448275862	4.4807028005e-14	0.5	3.83375341422e-13
47	0.0535714285714	0.103448275862	5.55992572991e-14	0.5	7.00401365226e-13
48	0.0535714285714	0.103448275862	2.55821422114e-14	0.5	2.58494019644e-13
49	0.0535714285714	0.103448275862	4.96228893063e-15	0.5	1.9887860791e-14
50	0.0535714285714	0.103448275862	2.25370982527e-17	0.5	4.96833338858e-17
51	0.0535714285714	0.103448275862	2.61969533188e-14	0.5	3.05434328707e-13
52	0.0535714285714	0.103448275862	2.25370982527e-17	0.5	4.96833338858e-17
53	0.0535714285714	0.103448275862	4.3218586056e-14	0.5	1.90466234481e-13
54	0.0535714285714	0.103448275862	1.02067512652e-13	0.5	4.37672223523e-13
55	0.0535714285714	0.103448275862	2.82403378205e-13	0.5	1.91471965911e-11
56	0.0535714285714	0.103448275862	1.28758026711e-12	0.5	2.41533192152e-11
57	0.0535714285714	0.103448275862	5.55992572991e-14	0.5	7.00401365226e-13
58	0.0535714285714	0.103448275862	7.11986289209e-13	0.5	2.26142888023e-11
59	0.0535714285714	0.103448275862	4.96228893063e-15	0.5	1.9887860791e-14
60	0.0535714285714	0.103448275862	2.61969533188e-14	0.5	3.05434328707e-13
61	0.0535714285714	0.103448275862	5.9355594849e-14	0.5	3.61960979327e-13
62	0.0535714285714	0.103448275862	1.28758026711e-12	0.5	2.41533192152e-11
63	0.0535714285714	0.103448275862	2.25370982527e-17	0.5	4.96833338858e-17
64	0.0535714285714	0.103448275862	3.70049083554e-13	0.5	1.2150137276e-11
65	0.0535714285714	0.103448275862	6.75344179949e-13	0.5	9.14308369732e-12
66	0.0535714285714	0.103448275862	3.70974911136e-13	0.5	1.05208951121e-11
67	0.0535714285714	0.103448275862	4.96228893063e-15	0.5	1.9887860791e-14
68	0.0535714285714	0.103448275862	4.4807028005e-14	0.5	3.83375341422e-13
69	0.0535714285714	0.103448275862	3.3894728109e-10	0.5	1.51653231e-08
70	0.0535714285714	0.103448275862	1.92488076831e-17	0.5	8.01745671102e-17
71	0.0535714285714	0.103448275862	4.53551649915e-09	0.5	1.19123209332e-07
72	0.0535714285714	0.103448275862	2.0937872322e-15	0.5	1.16098533191e-14
73	0.0535714285714	0.103448275862	3.01932282129e-15	0.5	2.38081918527e-14
74	0.0535714285714	0.103448275862	6.63269925537e-12	0.5	1.7362481938e-09
75	0.0535714285714	0.103448275862	1.4598025167e-14	0.5	3.28696200641e-13
76	0.0535714285714	0.103448275862	5.55992572991e-14	0.5	7.00401365226e-13
77	0.0535714285714	0.103448275862	2.25370982527e-17	0.5	4.96833338858e-17
78	0.0535714285714	0.103448275862	3.01932282129e-15	0.5	2.38081918527e-14
79	0.0535714285714	0.103448275862	1.57506798667e-11	0.5	1.33100766836e-10
80	0.0535714285714	0.103448275862	4.4807028005e-14	0.5	3.83375341422e-13
81	0.0535714285714	0.103448275862	1.45907386236e-06	0.5	2.69142831124e-05
82	0.0535714285714	0.103448275862	4.4807028005e-14	0.5	3.83375341422e-13
83	0.0535714285714	0.103448275862	2.25370982527e-17	0.5	4.96833338858e-17
84	0.0535714285714	0.103448275862	1.92622517391e-05	0.5	0.197387218105
85	0.0535714285714	0.103448275862	3.70974911136e-13	0.5	1.05208951121e-11
86	0.0535714285714	0.103448275862	6.13071042265e-13	0.5	3.16348829574e-12
87	0.0535714285714	0.103448275862	8.53385476143e-15	0.5	4.16932107725e-13
88	0.0535714285714	0.103448275862	8.73159759938e-11	0.5	1.00367106354e-09
89	0.0535714285714	0.103448275862	4.83548175706e-15	0.5	2.98151663453e-13
90	0.0535714285714	0.103448275862	2.04785732352e-14	0.5	3.0054470395e-14
91	0.0535714285714	0.103448275862	3.52697124586e-13	0.5	1.23131155133e-11
92	0.0535714285714	0.103448275862	1.38158764959e-11	0.5	1.83665282024e-10
93	0.0535714285714	0.103448275862	2.29463478547e-12	0.5	2.25036786674e-12
94	0.0535714285714	0.103448275862	2.6269457835e-12	0.5	1.14814720107e-11
95	0.0535714285714	0.103448275862	4.61451314542e-14	0.5	6.67284545576e-14
96	0.0535714285714	0.103448275862	9.00155457293e-11	0.5	3.72199948703e-09
97	0.0535714285714	0.103448275862	6.04855488643e-15	0.5	9.90784322199e-15
98	0.0535714285714	0.103448275862	3.81531107505e-14	0.5	1.94748147605e-13
99	0.0535714285714	0.103448275862	9.24141958919e-14	0.5	7.79147564572e-13
100	0.0714285714286	0.103448275862	1.23967776233e-07	0.5	2.48544497916e-05
101	0.0535714285714	0.103448275862	3.52697124586e-13	0.5	1.23131155133e-11
102	0.0535714285714	0.103448275862	2.93153079085e-14	0.5	4.79202516496e-14
103	0.0535714285714	0.103448275862	3.70049083554e-13	0.5	1.2150137276e-11
104	0.0535714285714	0.103448275862	9.78391731483e-14	0.5	4.77069009441e-13
105	0.0535714285714	0.103448275862	1.08040762373e-13	0.5	3.27644328885e-11
106	0.0535714285714	0.103448275862	2.12977068072e-14	0.5	2.29892007144e-14
107	0.0535714285714	0.103448275862	9.90451029933e-14	0.5	4.90240976432e-13
108	0.0535714285714	0.103448275862	3.66109828039e-13	0.5	2.83933603723e-11
109	0.0535714285714	0.103448275862	2.22252739367e-09	0.5	3.74351264872e-08
110	0.0535714285714	0.103448275862	3.70974911136e-13	0.5	1.05208951121e-11
111	0.0535714285714	0.103448275862	6.75344179949e-13	0.5	9.14308369732e-12
112	0.0535714285714	0.103448275862	2.6269457835e-12	0.5	1.14814720107e-11
113	0.0535714285714	0.103448275862	7.8193982309e-15	0.5	1.45700960524e-13
114	0.0535714285714	0.103448275862	2.58521240536e-17	0.5	2.04649808013e-17
115	0.0535714285714	0.103448275862	2.43134082872e-12	0.5	3.81980852199e-12
116	0.0535714285714	0.103448275862	1.14066563541e-14	0.5	3.90504923073e-13
117	0.0714285714286	0.103448275862	2.25644644434e-17	0.5	4.94284463887e-17
118	0.0535714285714	0.103448275862	0.00010758690428	0.5	0.000782465378301
119	0.0535714285714	0.103448275862	1.52992337257e-14	0.5	1.77564143516e-13
120	0.0535714285714	0.103448275862	2.03365351602e-14	0.5	1.3135676211e-13
121	0.0535714285714	0.103448275862	3.82899595524e-13	0.5	1.04393282958e-11
122	0.0535714285714	0.103448275862	8.95214320876e-14	0.5	5.65313609516e-13
123	0.0535714285714	0.103448275862	8.99087027657e-13	0.5	7.03833768137e-12
124	0.0535714285714	0.103448275862	3.58135284812e-14	0.5	2.1701130987e-13
125	0.0535714285714	0.103448275862	9.35009359138e-10	0.5	1.07853027911e-07
126	0.0535714285714	0.103448275862	1.28758026711e-12	0.5	2.41533192152e-11
127	0.0714285714286	0.137931034483	3.22801409081e-10	0.5	1.47533521302e-08
128	0.0714285714286	0.137931034483	1.22616816148e-12	0.5	1.11164714462e-10
129	0.107142857143	0.206896551724			
130	0.125	0.241379310345			
131	0.125	0.241379310345			
132	0.125	0.241379310345			
133	0.125	0.241379310345			
134	0.125	0.241379310345			
135	0.125	0.241379310345			
136	0.125	0.241379310345			
137	0.125	0.241379310345			
138	0.107142857143	0.206896551724			
139	0.107142857143	0.206896551724			
140	0.107142857143	0.206896551724			
141	0.107142857143	0.206896551724			
142	0.107142857143	0.206896551724			
143	0.107142857143	0.206896551724			
144	0.107142857143	0.206896551724			
145	0.107142857143	0.206896551724			
146	0.107142857143	0.206896551724			
147	0.107142857143	0.206896551724			
148	0.107142857143	0.206896551724			
149	0.107142857143	0.206896551724			
150	0.107142857143	0.206896551724			
151	0.107142857143	0.206896551724			
152	0.107142857143	0.206896551724			
153	0.107142857143	0.206896551724			
154	0.107142857143	0.206896551724			
155	0.107142857143	0.206896551724			
156	0.107142857143	0.206896551724			
157	0.107142857143	0.206896551724			
158	0.107142857143	0.206896551724			
159	0.125	0.241379310345			
160	0.107142857143	0.206896551724			
161	0.107142857143	0.206896551724			
162	0.107142857143	0.206896551724			
163	0.107142857143	0.206896551724			
164	0.107142857143	0.206896551724			
165	0.107142857143	0.206896551724			
166	0.107142857143	0.206896551724			
167	0.107142857143	0.206896551724			
168	0.107142857143	0.206896551724			
169	0.107142857143	0.206896551724			
170	0.107142857143	0.206896551724			
171	0.107142857143	0.206896551724			
172	0.107142857143	0.206896551724			
173	0.107142857143	0.206896551724			
174	0.107142857143	0.206896551724			
175	0.107142857143	0.206896551724			
176	0.107142857143	0.206896551724			
177	0.107142857143	0.206896551724			
178	0.107142857143	0.206896551724			
179	0.107142857143	0.206896551724			
180	0.107142857143	0.206896551724			
181	0.107142857143	0.206896551724			
182	0.107142857143	0.206896551724			
183	0.107142857143	0.206896551724			
184	0.107142857143	0.206896551724			
185	0.107142857143	0.206896551724			
186	0.107142857143	0.206896551724			
187	0.107142857143	0.206896551724			
188	0.107142857143	0.206896551724			
189	0.107142857143	0.206896551724			
190	0.107142857143	0.206896551724			
191	0.107142857143	0.206896551724			
192	0.107142857143	0.206896551724			
193	0.107142857143	0.206896551724			
194	0.107142857143	0.206896551724			
195	0.107142857143	0.206896551724			
196	0.107142857143	0.206896551724			
197	0.107142857143	0.206896551724			
198	0.107142857143	0.206896551724			
199	0.107142857143	0.206896551724			
200	0.107142857143	0.206896551724			
201	0.0714285714286	0.137931034483	2.64891601775e-15	0.5	3.37052708333e-14
202	0.0714285714286	0.137931034483	9.24698546174e-12	0.5	5.79938545782e-10
203	0.0892857142857	0.0344827586207			
204	0.0892857142857	0.0344827586207			
205	0.0892857142857	0.0344827586207			
206	0.0892857142857	0.0344827586207			
207	0.0892857142857	0.0344827586207			
208	0.0892857142857	0.0344827586207			
209	0.0892857142857	0.0344827586207			
210	0.0892857142857	0.0344827586207			
211	0.0892857142857	0.0344827586207			
212	0.0892857142857	0.0344827586207			
213	0.0892857142857	0.0344827586207			
214	0.0892857142857	0.0344827586207			
215	0.0892857142857	0.0344827586207			
216	0.0892857142857	0.0344827586207			
217	0.0892857142857	0.0344827586207			
218	0.0892857142857	0.0344827586207			
219	0.0892857142857	0.0344827586207			
220	0.0892857142857	0.0344827586207			
221	0.0892857142857	0.0344827586207			
222	0.0892857142857	0.0344827586207			
223	0.0892857142857	0.0344827586207			
224	0.0892857142857	0.0344827586207			
225	0.0892857142857	0.0344827586207			
226	0.0892857142857	0.0344827586207			
227	0.0892857142857	0.0344827586207			
228	0.0892857142857	0.0344827586207			
229	0.0892857142857	0.0344827586207			
230	0.0892857142857	0.0344827586207			
231	0.0892857142857	0.0344827586207			
232	0.0714285714286	0.0344827586207	4.12793875928e-17	0.5	9.09227356553e-17
233	0.0178571428571	0.0344827586207	5.41592383621e-15	0.5	2.2877873036e-14
234	0.0	0.0	1.28592933574e-12	0.5	2.41644134301e-11
235	0.0	0.0	2.61805779801e-14	0.5	3.05581489142e-13
236	0.0	0.0	1.45736876019e-14	0.5	8.32463644204e-14
237	0.0	0.0	6.75056090905e-13	0.5	9.14441453953e-12
238	0.0	0.0	1.08997190652e-12	0.5	1.48077132814e-11
239	0.0	0.0	4.96004051833e-15	0.5	1.99094638397e-14
240	0.0	0.0	8.64283695396e-13	0.5	1.0785188184e-11
241	0.0	0.0	1.28592933574e-12	0.5	2.41644134301e-11
242	0.0	0.0	6.75056090905e-13	0.5	9.14441453953e-12
243	0.0	0.0	1.69178681271e-15	0.5	5.46937531197e-15
244	0.0	0.0	8.94894346401e-14	0.5	5.65551089375e-13
245	0.0	0.0	1.08997190652e-12	0.5	1.48077132814e-11
246	0.0	0.0	2.61805779801e-14	0.5	3.05581489142e-13
247	0.0	0.0	2.61805779801e-14	0.5	3.05581489142e-13
248	0.0	0.0	1.28592933574e-12	0.5	2.41644134301e-11
249	0.0	0.0	8.94894346401e-14	0.5	5.65551089375e-13
250	0.0	0.0	4.47987823849e-14	0.5	3.83411223107e-13
251	0.0	0.0	1.08997190652e-12	0.5	1.48077132814e-11
252	0.0	0.0	3.02066768057e-15	0.5	2.37939591781e-14
253	0.0	0.0	6.75056090905e-13	0.5	9.14441453953e-12
254	0.0	0.0	1.28592933574e-12	0.5	2.41644134301e-11
255	0.0	0.0	1.45736876019e-14	0.5	8.32463644204e-14
256	0.0	0.0	1.08997190652e-12	0.5	1.48077132814e-11
257	0.0	0.0	3.69708547645e-13	0.5	1.21516304832e-11
258	0.0	0.0	6.66239833721e-18	0.5	2.50614749735e-17
259	0.0	0.0	1.28592933574e-12	0.5	2.41644134301e-11
260	0.0	0.0	8.94894346401e-14	0.5	5.65551089375e-13
261	0.0	0.0	1.08997190652e-12	0.5	1.48077132814e-11
262	0.0	0.0	3.69708547645e-13	0.5	1.21516304832e-11
263	0.0	0.0	8.64283695396e-13	0.5	1.0785188184e-11
264	0.0	0.0	1.28592933574e-12	0.5	2.41644134301e-11
265	0.0	0.0	6.75056090905e-13	0.5	9.14441453953e-12
266	0.0	0.0	4.96004051833e-15	0.5	1.99094638397e-14
267	0.0	0.0	1.28592933574e-12	0.5	2.41644134301e-11
268	0.0	0.0	1.69178681271e-15	0.5	5.46937531197e-15
269	0.0	0.0	1.28592933574e-12	0.5	2.41644134301e-11
270	0.0	0.0	3.69708547645e-13	0.5	1.21516304832e-11
271	0.0	0.0	3.02066768057e-15	0.5	2.37939591781e-14
272	0.0	0.0	4.96004051833e-15	0.5	1.99094638397e-14
273	0.0	0.0	2.71311609175e-15	0.5	3.61999315596e-14
274	0.0	0.0	1.28592933574e-12	0.5	2.41644134301e-11
275	0.0	0.0	4.73451280869e-15	0.5	2.75128565248e-13
276	0.0	0.0	2.55735250591e-14	0.5	2.58564177258e-13
277	0.0	0.0	2.61805779801e-14	0.5	3.05581489142e-13
278	0.0	0.0	6.66239833721e-18	0.5	2.50614749735e-17
279	0.0	0.0	1.08997190652e-12	0.5	1.48077132814e-11
280	0.0	0.0	1.52916976261e-14	0.5	1.77634314068e-13
281	0.0	0.0	4.35736989909e-17	0.5	3.81606561741e-16
282	0.0	0.0	2.25315707206e-17	0.5	4.9735348729e-17
283	0.0	0.0	2.25315707206e-17	0.5	4.9735348729e-17
284	0.0	0.0	4.34395325644e-05	0.5	0.000465851812238
285	0.0	0.0	3.70891706437e-13	0.5	1.05197758484e-11
286	0.0	0.0	5.55403469815e-14	0.5	7.00886880133e-13
287	0.0	0.0	8.64283695396e-13	0.5	1.0785188184e-11
288	0.0	0.0	2.55735250591e-14	0.5	2.58564177258e-13
289	0.0	0.0	5.21699872879e-12	0.5	5.15780170482e-09
290	0.0	0.0	1.45736876019e-14	0.5	8.32463644204e-14
291	0.0	0.0	4.46958995213e-13	0.5	7.07482515413e-12
292	0.0	0.0	3.70891706437e-13	0.5	1.05197758484e-11
293	0.0	0.0	1.15095339255e-07	0.5	0.000348839361827
294	0.0	0.0	2.55735250591e-14	0.5	2.58564177258e-13
295	0.0	0.0	2.35946148008e-06	0.5	1.26448367228e-05
296	0.0	0.0	2.3468374448e-09	0.5	3.19305781363e-07
297	0.0	0.0	1.8703907605e-12	0.5	8.45158067442e-11
298	0.0	0.0	4.96004051833e-15	0.5	1.99094638397e-14
299	0.0	0.0	0.0188972465391	0.5	0.143436566417
300	0.0	0.0	2.55735250591e-14	0.5	2.58564177258e-13
301	0.0	0.0	4.96004051833e-15	0.5	1.99094638397e-14
302	0.0	0.0	8.94894346401e-14	0.5	5.65551089375e-13
303	0.0	0.0	5.6048015448e-14	0.5	1.37311328264e-11
304	0.0	0.0	1.61008615036e-07	0.5	2.47878966931e-05
305	0.0	0.0	2.55735250591e-14	0.5	2.58564177258e-13
306	0.0	0.0	2.51834564691e-13	0.5	1.34449805193e-11
307	0.0	0.0	1.45736876019e-14	0.5	8.32463644204e-14
308	0.0	0.0	3.2020847047e-11	0.5	5.48702196145e-10
309	0.0	0.0	2.55735250591e-14	0.5	2.58564177258e-13
310	0.0	0.0	2.25315707206e-17	0.5	4.9735348729e-17
311	0.0	0.0	5.67645829679e-14	0.5	1.5287743474e-11
312	0.0	0.0	1.00426409046e-07	0.5	1.10585214923e-06
313	0.0	0.0	3.05065669127e-14	0.5	2.64129536938e-13
314	0.0	0.0	5.74441822041e-09	0.5	3.10726099503e-06
315	0.0	0.0	1.64614322068e-09	0.5	3.94834963731e-08
316	0.0	0.0	3.70891706437e-13	0.5	1.05197758484e-11
317	0.0	0.0	3.1019805759e-12	0.5	3.35928520201e-09
318	0.0	0.0	2.55735250591e-14	0.5	2.58564177258e-13
319	0.0	0.0	5.55403469815e-14	0.5	7.00886880133e-13
320	0.0	0.0	1.02139404958e-12	0.5	2.30114879406e-11
321	0.0	0.0	4.64307105196e-14	0.5	1.25463197706e-13
322	0.0	0.0	3.70891706437e-13	0.5	1.05197758484e-11
323	0.0178571428571	0.0	6.11245998916e-11	0.5	1.51139994304e-09
324	0.0178571428571	0.0	1.44993517834e-07	0.5	8.96711190407e-08
325	0.196428571429	0.0			
326	0.25	0.275862068966			
327	0.25	0.275862068966			
328	0.25	0.275862068966			
329	0.25	0.275862068966			
330	0.303571428571	0.379310344828			
331	0.303571428571	0.379310344828			
332	0.303571428571	0.379310344828			
333	0.303571428571	0.379310344828			
334	0.303571428571	0.379310344828			
335	0.303571428571	0.379310344828			
336	0.303571428571	0.379310344828			
337	0.303571428571	0.379310344828			
338	0.303571428571	0.379310344828			
339	0.303571428571	0.379310344828			
340	0.303571428571	0.379310344828			
341	0.303571428571	0.379310344828			
342	0.303571428571	0.379310344828			
343	0.303571428571	0.379310344828			
344	0.303571428571	0.379310344828			
345	0.303571428571	0.379310344828			
346	0.160714285714	0.206896551724			
347	0.125	0.206896551724			
348	0.125	0.206896551724			
349	0.125	0.206896551724			
350	0.125	0.206896551724			
351	0.125	0.206896551724			
352	0.125	0.206896551724			
353	0.125	0.206896551724			
354	0.125	0.206896551724			
355	0.125	0.206896551724			
356	0.125	0.206896551724			
357	0.125	0.206896551724			
358	0.125	0.206896551724			
359	0.125	0.206896551724			
360	0.125	0.206896551724			
361	0.125	0.206896551724			
362	0.125	0.206896551724			
363	0.125	0.206896551724			
364	0.125	0.206896551724			
365	0.125	0.206896551724			
366	0.125	0.206896551724			
367	0.125	0.206896551724			
368	0.125	0.206896551724			
369	0.125	0.206896551724			
370	0.125	0.206896551724			
371	0.125	0.206896551724			
372	0.125	0.206896551724			
373	0.125	0.206896551724			
374	0.125	0.206896551724			
375	0.125	0.206896551724			
376	0.125	0.206896551724			
377	0.125	0.206896551724			
378	0.125	0.206896551724			
379	0.125	0.206896551724			
380	0.125	0.206896551724			
381	0.125	0.206896551724			
382	0.125	0.206896551724			
383	0.125	0.206896551724			
384	0.125	0.206896551724			
385	0.125	0.206896551724			
386	0.125	0.206896551724			
387	0.125	0.206896551724			
388	0.125	0.206896551724			
389	0.125	0.206896551724			
390	0.0714285714286	0.137931034483	1.3027705618e-12	0.5	4.45512432466e-11
391	0.0714285714286	0.137931034483	1.71068949203e-13	0.5	8.16748504297e-10
392	0.0714285714286	0.137931034483	1.42878246007e-13	0.5	4.89745327266e-13
393	0.125	0.206896551724			
394	0.410714285714	0.586206896552			
395	0.392857142857	0.551724137931			
396	0.0357142857143	0.0	1.18967871375e-15	0.5	1.02115179692e-14
397	0.0535714285714	0.0	8.98701645383e-14	0.5	5.6182358134e-13
398	0.0535714285714	0.0	1.30791183526e-12	0.5	2.39550449004e-11
399	0.0535714285714	0.0	1.30791183526e-12	0.5	2.39550449004e-11
400	0.0535714285714	0.0	8.98701645383e-14	0.5	5.6182358134e-13
401	0.0535714285714	0.0	6.79536804884e-13	0.5	9.10071037826e-12
402	0.0535714285714	0.0	1.53976051461e-14	0.5	1.76646689123e-13
403	0.0535714285714	0.0	4.98522489552e-15	0.5	1.96658406017e-14
404	0.0535714285714	0.0	8.98701645383e-14	0.5	5.6182358134e-13
405	0.0535714285714	0.0	1.30791183526e-12	0.5	2.39550449004e-11
406	0.0535714285714	0.0	3.74922505004e-13	0.5	1.21004835677e-11
407	0.0535714285714	0.0	8.98701645383e-14	0.5	5.6182358134e-13
408	0.0535714285714	0.0	2.25917314346e-17	0.5	4.91793023918e-17
409	0.0535714285714	0.0	1.53976051461e-14	0.5	1.76646689123e-13
410	0.0535714285714	0.0	1.53976051461e-14	0.5	1.76646689123e-13
411	0.0535714285714	0.0	2.56950736467e-14	0.5	2.57460328735e-13
412	0.0535714285714	0.0	8.98701645383e-14	0.5	5.6182358134e-13
413	0.0535714285714	0.0	1.53976051461e-14	0.5	1.76646689123e-13
414	0.0535714285714	0.0	8.41348799151e-12	0.5	2.17290618432e-11
415	0.0535714285714	0.0	8.98701645383e-14	0.5	5.6182358134e-13
416	0.0535714285714	0.0	1.30791183526e-12	0.5	2.39550449004e-11
417	0.0535714285714	0.0	3.74922505004e-13	0.5	1.21004835677e-11
418	0.0535714285714	0.0	8.98701645383e-14	0.5	5.6182358134e-13
419	0.0535714285714	0.0	3.74922505004e-13	0.5	1.21004835677e-11
420	0.0535714285714	0.0	9.36725267498e-11	0.5	1.0745717077e-09
421	0.0535714285714	0.0	2.56950736467e-14	0.5	2.57460328735e-13
422	0.0535714285714	0.0	1.53976051461e-14	0.5	1.76646689123e-13
423	0.0535714285714	0.0	1.34763815014e-12	0.5	6.17267539576e-12
424	0.0535714285714	0.0	2.63918340117e-14	0.5	3.03628392993e-13
425	0.0535714285714	0.0	4.48884970458e-14	0.5	3.82553554148e-13
426	0.0535714285714	0.0	3.00792095934e-15	0.5	2.39223292583e-14
427	0.0535714285714	0.0	4.98522489552e-15	0.5	1.96658406017e-14
428	0.0535714285714	0.0	8.98701645383e-14	0.5	5.6182358134e-13
429	0.0535714285714	0.0	5.62618065384e-14	0.5	6.94174972164e-13
430	0.0535714285714	0.0	2.56950736467e-14	0.5	2.57460328735e-13
431	0.0535714285714	0.0	4.48884970458e-14	0.5	3.82553554148e-13
432	0.0535714285714	0.0	3.74922505004e-13	0.5	1.21004835677e-11
433	0.0535714285714	0.0	1.34763815014e-12	0.5	6.17267539576e-12
434	0.0535714285714	0.0	4.48884970458e-14	0.5	3.82553554148e-13
435	0.0535714285714	0.0	4.48884970458e-14	0.5	3.82553554148e-13
436	0.0535714285714	0.0	5.62618065384e-14	0.5	6.94174972164e-13
437	0.0535714285714	0.0	2.74405811928e-15	0.5	3.5924855153e-14
438	0.0535714285714	0.0	8.98701645383e-14	0.5	5.6182358134e-13
439	0.0535714285714	0.0	1.46313178359e-14	0.5	8.27144418196e-14
440	0.0535714285714	0.0	3.74922505004e-13	0.5	1.21004835677e-11
441	0.0535714285714	0.0	5.62618065384e-14	0.5	6.94174972164e-13
442	0.0535714285714	0.0	4.48884970458e-14	0.5	3.82553554148e-13
443	0.0535714285714	0.0	2.56950736467e-14	0.5	2.57460328735e-13
444	0.0535714285714	0.0	5.62618065384e-14	0.5	6.94174972164e-13
445	0.0535714285714	0.0	8.98701645383e-14	0.5	5.6182358134e-13
446	0.0535714285714	0.0	1.53976051461e-14	0.5	1.76646689123e-13
447	0.0535714285714	0.0	1.53976051461e-14	0.5	1.76646689123e-13
448	0.0535714285714	0.0	4.98522489552e-15	0.5	1.96658406017e-14
449	0.0535714285714	0.0	8.98701645383e-14	0.5	5.6182358134e-13
450	0.0535714285714	0.0	1.30791183526e-12	0.5	2.39550449004e-11
451	0.0357142857143	0.0	3.73405695938e-13	0.5	1.21155283613e-11
452	0.0357142857143	0.0	1.729486191e-12	0.5	8.56954157327e-12
453	0.0357142857143	0.0	2.25739617556e-17	0.5	4.93428445553e-17
454	0.0357142857143	0.0	3.3523061778e-15	0.5	3.03102805348e-14
455	0.0357142857143	0.0	1.2790287539e-15	0.5	3.38846812544e-13
456	0.0535714285714	0.0	2.74405811928e-15	0.5	3.5924855153e-14
457	0.0535714285714	0.0	5.62618065384e-14	0.5	6.94174972164e-13
458	0.0535714285714	0.0	1.53976051461e-14	0.5	1.76646689123e-13
459	0.0535714285714	0.0	1.53976051461e-14	0.5	1.76646689123e-13
460	0.0535714285714	0.0	2.56950736467e-14	0.5	2.57460328735e-13
461	0.0535714285714	0.0	8.98701645383e-14	0.5	5.6182358134e-13
462	0.0535714285714	0.0	2.56950736467e-14	0.5	2.57460328735e-13
463	0.0535714285714	0.0	4.09378360824e-13	0.5	1.19108049737e-11
464	0.0535714285714	0.0	8.98701645383e-14	0.5	5.6182358134e-13
465	0.0535714285714	0.0	3.35690385001e-14	0.5	8.00581709334e-14
466	0.0535714285714	0.0	1.65896335209e-12	0.5	7.55402996124e-12
467	0.0535714285714	0.0	8.98701645383e-14	0.5	5.6182358134e-13
468	0.0535714285714	0.0	7.87007081202e-15	0.5	4.7457803041e-13
469	0.0535714285714	0.0	4.2599880075e-12	0.5	5.28129251436e-12
470	0.0535714285714	0.0	8.98701645383e-14	0.5	5.6182358134e-13
471	0.0535714285714	0.0	7.96594160988e-15	0.5	4.737336765e-13
472	0.0535714285714	0.0	7.64740062384e-11	0.5	1.08742525463e-11
473	0.0535714285714	0.0	9.6307386429e-06	0.5	0.000237175618996
474	0.0535714285714	0.0	1.87887420107e-15	0.5	4.50163722897e-15
475	0.0535714285714	0.0	3.60450842774e-15	0.5	1.92989036546e-14
476	0.0535714285714	0.0	1.30791183526e-12	0.5	2.39550449004e-11
477	0.0535714285714	0.0	2.25917314346e-17	0.5	4.91793023918e-17
478	0.0535714285714	0.0	1.46143132806e-12	0.5	5.30509433448e-12
479	0.0535714285714	0.0	2.56950736467e-14	0.5	2.57460328735e-13
480	0.0535714285714	0.0	4.98522489552e-15	0.5	1.96658406017e-14
481	0.0535714285714	0.0	2.63918340117e-14	0.5	3.03628392993e-13
482	0.0535714285714	0.0	3.00792095934e-15	0.5	2.39223292583e-14
483	0.0535714285714	0.0	3.00982695544e-15	0.5	3.34041659355e-14
484	0.0535714285714	0.0	8.98701645383e-14	0.5	5.6182358134e-13
485	0.0535714285714	0.0	1.46313178359e-14	0.5	8.27144418196e-14
486	0.0535714285714	0.0	1.09570886526e-12	0.5	1.4749811496e-11
487	0.0535714285714	0.0	4.48884970458e-14	0.5	3.82553554148e-13
488	0.0535714285714	0.0	6.72263448227e-18	0.5	2.45198625732e-17
489	0.0535714285714	0.0	2.56950736467e-14	0.5	2.57460328735e-13
490	0.0535714285714	0.0	4.98522489552e-15	0.5	1.96658406017e-14
491	0.0535714285714	0.0	1.09570886526e-12	0.5	1.4749811496e-11
492	0.0535714285714	0.0	1.09570886526e-12	0.5	1.4749811496e-11
493	0.0535714285714	0.0	8.98701645383e-14	0.5	5.6182358134e-13
494	0.0535714285714	0.0	1.30791183526e-12	0.5	2.39550449004e-11
495	0.0535714285714	0.0	1.20439101881e-09	0.5	2.45470445849e-08
496	0.0535714285714	0.0	4.98522489552e-15	0.5	1.96658406017e-14
497	0.0535714285714	0.0	4.98522489552e-15	0.5	1.96658406017e-14
498	0.0535714285714	0.0	2.25917314346e-17	0.5	4.91793023918e-17
499	0.0535714285714	0.0	8.98701645383e-14	0.5	5.6182358134e-13
500	0.0535714285714	0.0	5.37567318923e-13	0.5	2.04463379059e-11
501	0.0535714285714	0.0	3.93043571952e-15	0.5	1.42225427542e-14
502	0.0535714285714	0.0	1.94755553575e-14	0.5	4.42187845187e-14
503	0.0535714285714	0.0	8.98701645383e-14	0.5	5.6182358134e-13
504	0.0535714285714	0.0	2.25917314346e-17	0.5	4.91793023918e-17
505	0.0535714285714	0.0	1.71391756224e-12	0.5	8.45751237242e-12
506	0.0535714285714	0.0	4.98522489552e-15	0.5	1.96658406017e-14
507	0.0535714285714	0.0	7.36144952396e-13	0.5	2.98359457499e-11
508	0.0535714285714	0.0	1.30791183526e-12	0.5	2.39550449004e-11
509	0.0535714285714	0.0	1.30791183526e-12	0.5	2.39550449004e-11
510	0.0535714285714	0.0	2.25917314346e-17	0.5	4.91793023918e-17
511	0.0535714285714	0.0	5.62618065384e-14	0.5	6.94174972164e-13
512	0.0535714285714	0.0	1.09570886526e-12	0.5	1.4749811496e-11
513	0.0535714285714	0.0	6.79536804884e-13	0.5	9.10071037826e-12
514	0.0535714285714	0.0	6.79536804884e-13	0.5	9.10071037826e-12
515	0.0535714285714	0.0	2.52294457234e-12	0.5	2.37411379184e-10
516	0.0535714285714	0.0	2.63918340117e-14	0.5	3.03628392993e-13
517	0.0535714285714	0.0	2.25917314346e-17	0.5	4.91793023918e-17
518	0.0535714285714	0.0	9.79000990379e-08	0.5	3.70405756847e-07
519	0.0535714285714	0.0	2.22319148609e-08	0.5	1.50285683777e-06
520	0.0535714285714	0.0	1.58383776254e-10	0.5	1.09309230167e-09
521	0.0535714285714	0.0	4.48884970458e-14	0.5	3.82553554148e-13
522	0.0535714285714	0.0	4.27424212036e-14	0.5	1.17104226438e-12
523	0.125	0.137931034483			
524	0.125	0.137931034483			
525	0.125	0.137931034483			
526	0.125	0.137931034483			
527	0.125	0.137931034483			
528	0.125	0.137931034483			
529	0.125	0.137931034483			
530	0.125	0.137931034483			
531	0.125	0.137931034483			
532	0.125	0.137931034483			
533	0.125	0.137931034483			
534	0.125	0.137931034483			
535	0.125	0.137931034483			
536	0.125	0.137931034483			
537	0.125	0.137931034483			
538	0.125	0.137931034483			
539	0.125	0.137931034483			
540	0.125	0.137931034483			
541	0.125	0.137931034483			
542	0.125	0.137931034483			
543	0.125	0.137931034483			
544	0.125	0.137931034483			
545	0.125	0.137931034483			
546	0.125	0.137931034483			
547	0.125	0.137931034483			
548	0.125	0.137931034483			
549	0.125	0.137931034483			
550	0.125	0.137931034483			
551	0.125	0.137931034483			
552	0.125	0.137931034483			
553	0.125	0.137931034483			
554	0.125	0.137931034483			
555	0.125	0.137931034483			
556	0.125	0.137931034483			
557	0.125	0.137931034483			
558	0.125	0.137931034483			
559	0.125	0.137931034483			
560	0.125	0.137931034483			
561	0.125	0.137931034483			
562	0.125	0.137931034483			
563	0.125	0.137931034483			
564	0.125	0.137931034483			
565	0.125	0.137931034483			
566	0.125	0.137931034483			
567	0.0892857142857	0.0344827586207			
568	0.0892857142857	0.0344827586207			
569	0.0892857142857	0.0344827586207			
570	0.0892857142857	0.0344827586207			
571	0.0892857142857	0.0344827586207			
572	0.0892857142857	0.0344827586207			
573	0.0892857142857	0.0344827586207			
574	0.0892857142857	0.0344827586207			
575	0.0892857142857	0.0344827586207			
576	0.0892857142857	0.0344827586207			
577	0.0892857142857	0.0344827586207			
578	0.0892857142857	0.0344827586207			
579	0.0892857142857	0.0344827586207			
580	0.0892857142857	0.0344827586207			
581	0.0892857142857	0.0344827586207			
582	0.0892857142857	0.0344827586207			
583	0.0892857142857	0.0344827586207			
584	0.0892857142857	0.0344827586207			
585	0.0892857142857	0.0344827586207			
586	0.0892857142857	0.0344827586207			
587	0.0892857142857	0.0344827586207			
588	0.0892857142857	0.0344827586207			
589	0.0892857142857	0.0344827586207			
590	0.0892857142857	0.0344827586207			
591	0.0892857142857	0.0344827586207			
592	0.0892857142857	0.0344827586207			
593	0.0892857142857	0.0344827586207			
594	0.0892857142857	0.0344827586207			
595	0.0892857142857	0.0344827586207			
596	0.0892857142857	0.0344827586207			
597	0.0892857142857	0.0344827586207			
598	0.0892857142857	0.0344827586207			
599	0.0892857142857	0.0344827586207			
600	0.0892857142857	0.0344827586207			
601	0.0892857142857	0.0344827586207			
602	0.0892857142857	0.0344827586207			
603	0.0892857142857	0.0344827586207			
604	0.0892857142857	0.0344827586207			
605	0.0892857142857	0.0344827586207			
606	0.0892857142857	0.0344827586207			
607	0.0892857142857	0.0344827586207			
608	0.0892857142857	0.0344827586207			
609	0.0892857142857	0.0344827586207			
610	0.0892857142857	0.0344827586207			
611	0.0892857142857	0.0344827586207			
612	0.0892857142857	0.0344827586207			
613	0.0892857142857	0.0344827586207			
614	0.0892857142857	0.0344827586207			
615	0.0892857142857	0.0344827586207			
616	0.0892857142857	0.0344827586207			
617	0.0892857142857	0.0344827586207			
618	0.0892857142857	0.0344827586207			
619	0.0892857142857	0.0344827586207			
620	0.0892857142857	0.0344827586207			
621	0.0892857142857	0.0344827586207			
622	0.0892857142857	0.0344827586207			
623	0.0892857142857	0.0344827586207			
624	0.0714285714286	0.0344827586207	1.30235565404e-12	0.5	2.40102288446e-11
625	0.0892857142857	0.0344827586207			
626	0.0892857142857	0.0344827586207			
627	0.0892857142857	0.0344827586207			
628	0.0892857142857	0.0344827586207			
629	0.0892857142857	0.0344827586207			
630	0.0892857142857	0.0344827586207			
631	0.0892857142857	0.0344827586207			
632	0.0892857142857	0.0344827586207			
633	0.0892857142857	0.0344827586207			
634	0.0892857142857	0.0344827586207			
635	0.0892857142857	0.0344827586207			
636	0.0892857142857	0.0344827586207			
637	0.0892857142857	0.0344827586207			
638	0.0892857142857	0.0344827586207			
639	0.0892857142857	0.0344827586207			
640	0.0892857142857	0.0344827586207			
641	0.0892857142857	0.0344827586207			
642	0.0892857142857	0.0344827586207			
643	0.107142857143	0.0689655172414			
644	0.0178571428571	0.0344827586207	3.42875683834e-09	0.5	1.48860121241e-07
645	0.0178571428571	0.0344827586207	3.78910127291e-10	0.5	7.50788388849e-08
646	0.0357142857143	0.0689655172414	1.76215917203e-10	0.5	9.43848897922e-10
647	0.0357142857143	0.0689655172414	4.97168445879e-15	0.5	1.98687648333e-14
648	0.0178571428571	0.0344827586207	1.49922220799e-10	0.5	6.49511255419e-09
649	0.0178571428571	0.0344827586207	3.8588022673e-10	0.5	8.01704846522e-08
650	0.0178571428571	0.0344827586207	1.24941444392e-13	0.5	5.96708517602e-13
651	0.0178571428571	0.0344827586207	1.95633528409e-09	0.5	9.08587863719e-08
652	0.0178571428571	0.0344827586207	2.29411279082e-10	0.5	1.14089847275e-08
653	0.0178571428571	0.0344827586207	3.01859306904e-15	0.5	2.3821509589e-14
654	0.0178571428571	0.0344827586207	1.69300537603e-09	0.5	2.219765488e-08
655	0.0178571428571	0.0344827586207	3.70538773029e-13	0.5	1.21532569446e-11
656	0.0178571428571	0.0344827586207	8.6106862598e-15	0.5	6.37150535307e-13
657	0.0178571428571	0.0344827586207	1.28949240212e-12	0.5	2.41541666872e-11
658	0.0178571428571	0.0344827586207	6.75865168414e-13	0.5	9.14489332404e-12
659	0.0178571428571	0.0344827586207	1.02888644285e-12	0.5	9.99016208985e-12
660	0.0178571428571	0.0344827586207	1.28949240212e-12	0.5	2.41541666872e-11
661	0.0178571428571	0.0344827586207	4.4821723158e-14	0.5	3.83410219778e-13
662	0.0178571428571	0.0344827586207	2.25420360886e-17	0.5	4.96465238725e-17
663	0.0178571428571	0.0344827586207	3.71242648049e-13	0.5	1.0524491767e-11
664	0.0178571428571	0.0344827586207	3.71242648049e-13	0.5	1.0524491767e-11
665	0.0178571428571	0.0344827586207	3.71242648049e-13	0.5	1.0524491767e-11
666	0.0178571428571	0.0344827586207	3.70538773029e-13	0.5	1.21532569446e-11
667	0.0178571428571	0.0344827586207	1.69209153122e-15	0.5	5.46887250613e-15
668	0.0178571428571	0.0344827586207	1.09090719034e-12	0.5	1.48098994757e-11
669	0.0178571428571	0.0344827586207	4.96465118543e-15	0.5	1.98733628901e-14
670	0.0178571428571	0.0344827586207	4.35052669529e-17	0.5	3.82289817868e-16
671	0.0178571428571	0.0344827586207	2.55934539795e-14	0.5	2.58493413627e-13
672	0.0178571428571	0.0344827586207	6.75865168414e-13	0.5	9.14489332404e-12
673	0.0178571428571	0.0344827586207	3.70538773029e-13	0.5	1.21532569446e-11
674	0.0178571428571	0.0344827586207	4.4821723158e-14	0.5	3.83410219778e-13
675	0.0178571428571	0.0344827586207	9.93144553692e-14	0.5	4.90271883637e-13
676	0.0178571428571	0.0344827586207	6.75865168414e-13	0.5	9.14489332404e-12
677	0.0178571428571	0.0344827586207	6.75865168414e-13	0.5	9.14489332404e-12
678	0.0178571428571	0.0344827586207	1.09090719034e-12	0.5	1.48098994757e-11
679	0.0178571428571	0.0344827586207	8.13051299314e-14	0.5	1.49082589419e-12
680	0.0178571428571	0.0344827586207	1.28949240212e-12	0.5	2.41541666872e-11
681	0.0178571428571	0.0344827586207	8.95618122124e-14	0.5	5.65190699774e-13
682	0.0178571428571	0.0344827586207	1.28949240212e-12	0.5	2.41541666872e-11
683	0.0178571428571	0.0344827586207	3.01859306904e-15	0.5	2.3821509589e-14
684	0.0178571428571	0.0344827586207	5.56584213403e-14	0.5	7.00110650494e-13
685	0.0178571428571	0.0344827586207	1.28949240212e-12	0.5	2.41541666872e-11
686	0.0178571428571	0.0344827586207	4.96465118543e-15	0.5	1.98733628901e-14
687	0.0178571428571	0.0344827586207	1.28949240212e-12	0.5	2.41541666872e-11
688	0.0178571428571	0.0344827586207	8.95618122124e-14	0.5	5.65190699774e-13
689	0.0178571428571	0.0344827586207	2.55934539795e-14	0.5	2.58493413627e-13
690	0.0178571428571	0.0344827586207	1.09090719034e-12	0.5	1.48098994757e-11
691	0.0178571428571	0.0344827586207	5.56584213403e-14	0.5	7.00110650494e-13
692	0.0178571428571	0.0344827586207	4.96465118543e-15	0.5	1.98733628901e-14
693	0.0178571428571	0.0344827586207	1.28949240212e-12	0.5	2.41541666872e-11
694	0.0178571428571	0.0344827586207	8.95618122124e-14	0.5	5.65190699774e-13
695	0.0178571428571	0.0344827586207	1.09090719034e-12	0.5	1.48098994757e-11
696	0.0178571428571	0.0344827586207	1.28949240212e-12	0.5	2.41541666872e-11
697	0.0178571428571	0.0344827586207	1.83692568438e-13	0.5	7.49291256012e-12
698	0.0178571428571	0.0344827586207	8.95618122124e-14	0.5	5.65190699774e-13
699	0.0178571428571	0.0344827586207	3.70538773029e-13	0.5	1.21532569446e-11
700	0.0178571428571	0.0344827586207	1.5308750013e-14	0.5	1.77535972094e-13
701	0.0178571428571	0.0344827586207	1.28949240212e-12	0.5	2.41541666872e-11
702	0.0	0.0	3.46483285177e-10	0.5	3.22132187418e-09
703	0.0	0.0	2.60855262196e-12	0.5	9.69511743346e-12
704	0.0	0.0	6.25660438246e-11	0.5	5.46870247723e-09
705	0.0357142857143	0.0	1.2216968706e-12	0.5	8.56038671561e-11
706	0.0357142857143	0.0	9.13813012864e-14	0.5	1.45939329817e-12
707	0.0357142857143	0.0	4.69863114519e-12	0.5	1.2800242179e-10
708	0.0357142857143	0.0	1.16716709514e-10	0.5	2.04962600698e-09
709	0.0357142857143	0.0	9.13813012864e-14	0.5	1.45939329817e-12
710	0.0357142857143	0.0	3.07911665373e-13	0.5	2.4713567602e-12
711	0.0357142857143	0.0	1.24762769329e-16	0.5	1.93521031817e-15
712	0.0357142857143	0.0	6.95244612037e-17	0.5	1.50496494002e-16
713	0.0357142857143	0.0	5.10989159762e-14	0.5	3.78379088611e-13
714	0.0357142857143	0.0	4.69863114519e-12	0.5	1.2800242179e-10
715	0.0357142857143	0.0	1.93254620588e-12	0.5	8.0481571001e-11
716	0.0357142857143	0.0	9.42198885121e-15	0.5	1.48732585153e-13
717	0.0357142857143	0.0	4.69863114519e-12	0.5	1.2800242179e-10
718	0.0357142857143	0.0	2.64461252864e-12	0.5	6.87612981256e-11
719	0.0357142857143	0.0	9.13813012864e-14	0.5	1.45939329817e-12
720	0.0357142857143	0.0	2.64461252864e-12	0.5	6.87612981256e-11
721	0.0357142857143	0.0	2.64461252864e-12	0.5	6.87612981256e-11
722	0.0357142857143	0.0	1.63501210275e-14	0.5	6.84543846093e-14
723	0.0357142857143	0.0	8.90114049734e-14	0.5	1.30532567319e-12
724	0.0357142857143	0.0	3.07911665373e-13	0.5	2.4713567602e-12
725	0.0357142857143	0.0	3.62572032056e-12	0.5	1.03673837098e-10
726	0.0357142857143	0.0	1.63501210275e-14	0.5	6.84543846093e-14
727	0.0357142857143	0.0	1.16716709514e-10	0.5	2.04962600698e-09
728	0.0357142857143	0.0	4.69863114519e-12	0.5	1.2800242179e-10
729	0.0357142857143	0.0	1.63501210275e-14	0.5	6.84543846093e-14
730	0.0357142857143	0.0	8.90114049734e-14	0.5	1.30532567319e-12
731	0.0357142857143	0.0	4.69863114519e-12	0.5	1.2800242179e-10
732	0.0357142857143	0.0	5.10989159762e-14	0.5	3.78379088611e-13
733	0.0357142857143	0.0	8.62483867934e-09	0.5	4.78753562164e-09
734	0.0357142857143	0.0	3.62572032056e-12	0.5	1.03673837098e-10
735	0.0357142857143	0.0	4.69863114519e-12	0.5	1.2800242179e-10
736	0.0357142857143	0.0	1.16716709514e-10	0.5	2.04962600698e-09
737	0.0357142857143	0.0	2.64461252864e-12	0.5	6.87612981256e-11
738	0.0357142857143	0.0	2.64461252864e-12	0.5	6.87612981256e-11
739	0.0357142857143	0.0	3.62572032056e-12	0.5	1.03673837098e-10
740	0.0357142857143	0.0	1.2216968706e-12	0.5	8.56038671561e-11
741	0.0357142857143	0.0	2.64461252864e-12	0.5	6.87612981256e-11
742	0.0357142857143	0.0	1.2216968706e-12	0.5	8.56038671561e-11
743	0.0357142857143	0.0	1.16716709514e-10	0.5	2.04962600698e-09
744	0.0357142857143	0.0	3.62572032056e-12	0.5	1.03673837098e-10
745	0.0357142857143	0.0	3.62572032056e-12	0.5	1.03673837098e-10
746	0.0357142857143	0.0	1.63501210275e-14	0.5	6.84543846093e-14
747	0.0357142857143	0.0	9.42198885121e-15	0.5	1.48732585153e-13
748	0.0357142857143	0.0	6.09518691016e-15	0.5	2.34551119903e-14
749	0.0357142857143	0.0	4.69863114519e-12	0.5	1.2800242179e-10
750	0.0357142857143	0.0	1.2216968706e-12	0.5	8.56038671561e-11
751	0.0357142857143	0.0	1.63501210275e-14	0.5	6.84543846093e-14
752	0.0357142857143	0.0	9.13813012864e-14	0.5	1.45939329817e-12
753	0.0357142857143	0.0	9.30758605133e-08	0.5	2.24538564542e-06
754	0.0357142857143	0.0	1.16697203463e-12	0.5	7.5331317944e-11
755	0.0357142857143	0.0	9.13813012864e-14	0.5	1.45939329817e-12
756	0.0357142857143	0.0	1.58930450742e-10	0.5	2.81912887625e-09
757	0.0178571428571	0.0	5.9741112809e-16	0.5	5.826375407e-16
758	0.0178571428571	0.0	1.09735259942e-12	0.5	1.49797660816e-11
759	0.0178571428571	0.0	6.71708553728e-18	0.5	2.45867568093e-17
760	0.0178571428571	0.0	4.93036025017e-14	0.5	9.56567554773e-14
761	0.0357142857143	0.0	2.64461252864e-12	0.5	6.87612981256e-11
762	0.0357142857143	0.0	1.05726812174e-08	0.5	5.24033512455e-08
763	0.0357142857143	0.0	4.73456186786e-09	0.5	3.03124241516e-08
764	0.0357142857143	0.0	1.0832805519e-11	0.5	4.6796375901e-11
765	0.0357142857143	0.0	2.02801389513e-17	0.5	6.44407710451e-17
766	0.0357142857143	0.0	6.49723279738e-09	0.5	1.29857930442e-07
767	0.0357142857143	0.0	4.69863114519e-12	0.5	1.2800242179e-10
768	0.0357142857143	0.0	6.95244612037e-17	0.5	1.50496494002e-16
769	0.0357142857143	0.0	5.23706420594e-14	0.5	8.48245430183e-13
770	0.0357142857143	0.0	1.24762769329e-16	0.5	1.93521031817e-15
771	0.0357142857143	0.0	1.01015578912e-14	0.5	1.53458989977e-13
772	0.0357142857143	0.0	9.42198885121e-15	0.5	1.48732585153e-13
773	0.0357142857143	0.0	8.59952800118e-08	0.5	3.73123951617e-07
774	0.0357142857143	0.0	1.75969707373e-13	0.5	1.92315915468e-12
775	0.0357142857143	0.0	1.2216968706e-12	0.5	8.56038671561e-11
776	0.0357142857143	0.0	1.2216968706e-12	0.5	8.56038671561e-11
777	0.0357142857143	0.0	1.01015578912e-14	0.5	1.53458989977e-13
778	0.0357142857143	0.0	3.32863554198e-13	0.5	2.00231810487e-12
779	0.0357142857143	0.0	1.2216968706e-12	0.5	8.56038671561e-11
780	0.0357142857143	0.0	4.69863114519e-12	0.5	1.2800242179e-10
781	0.0357142857143	0.0	2.64461252864e-12	0.5	6.87612981256e-11
782	0.0357142857143	0.0	5.60089990779e-13	0.5	6.7316451144e-10
783	0.0357142857143	0.0	1.2216968706e-12	0.5	8.56038671561e-11
784	0.0357142857143	0.0	5.23706420594e-14	0.5	8.48245430183e-13
785	0.0357142857143	0.0	3.34024345114e-07	0.5	0.000272650079359
786	0.0357142857143	0.0	4.69863114519e-12	0.5	1.2800242179e-10
787	0.0535714285714	0.0	2.0322918581e-17	0.5	6.41379320368e-17
788	0.0535714285714	0.0	1.63680465023e-14	0.5	6.83274203257e-14
789	0.0535714285714	0.0	2.04030298327e-13	0.5	3.12578681181e-12
790	0.0714285714286	0.0	1.23800968872e-16	0.5	1.95237472591e-15
791	0.0714285714286	0.0	2.66217030679e-12	0.5	6.84712318437e-11
792	0.0714285714286	0.0	2.05743499818e-13	0.5	3.10629353899e-12
793	0.0714285714286	0.0	5.12951764773e-14	0.5	3.76271025866e-13
794	0.0892857142857	0.0			
795	0.0892857142857	0.0			
796	0.0892857142857	0.0			
797	0.0892857142857	0.0			
798	0.0892857142857	0.0			
799	0.0892857142857	0.0			
800	0.0892857142857	0.0			
801	0.0892857142857	0.0			
802	0.0892857142857	0.0			
803	0.0892857142857	0.0			
804	0.0892857142857	0.0			
805	0.0892857142857	0.0			
806	0.0892857142857	0.0			
807	0.0892857142857	0.0			
808	0.0892857142857	0.0			
809	0.0892857142857	0.0			
810	0.0892857142857	0.0			
811	0.0892857142857	0.0			
812	0.0892857142857	0.0			
813	0.0892857142857	0.0			
814	0.0892857142857	0.0			
815	0.0892857142857	0.0			
816	0.0892857142857	0.0			
817	0.0892857142857	0.0			
818	0.0892857142857	0.0			
819	0.0892857142857	0.0			
820	0.0892857142857	0.0			
821	0.0	0.0	1.08997190652e-12	0.5	1.48077132814e-11
822	0.0	0.0	1.28592933574e-12	0.5	2.41644134301e-11
823	0.0	0.0	2.55735250591e-14	0.5	2.58564177258e-13
824	0.0	0.0	1.28592933574e-12	0.5	2.41644134301e-11
825	0.0	0.0	3.69708547645e-13	0.5	1.21516304832e-11
826	0.0	0.0	1.28592933574e-12	0.5	2.41644134301e-11
827	0.0	0.0	8.64283695396e-13	0.5	1.0785188184e-11
828	0.0	0.0	1.28592933574e-12	0.5	2.41644134301e-11
829	0.0	0.0	1.28592933574e-12	0.5	2.41644134301e-11
830	0.0	0.0	1.28592933574e-12	0.5	2.41644134301e-11
831	0.0	0.0	8.94894346401e-14	0.5	5.65551089375e-13
832	0.0	0.0	8.94894346401e-14	0.5	5.65551089375e-13
833	0.0	0.0	3.69708547645e-13	0.5	1.21516304832e-11
834	0.0	0.0	8.94894346401e-14	0.5	5.65551089375e-13
835	0.0	0.0	8.94894346401e-14	0.5	5.65551089375e-13
836	0.0	0.0	4.47987823849e-14	0.5	3.83411223107e-13
837	0.0	0.0	2.55735250591e-14	0.5	2.58564177258e-13
838	0.0	0.0	1.28592933574e-12	0.5	2.41644134301e-11
839	0.0	0.0	1.35470042459e-12	0.5	2.11538226636e-11
840	0.0	0.0	3.08328321516e-12	0.5	7.10607204423e-11
841	0.0	0.0	2.60156112305e-10	0.5	4.09736057248e-09
842	0.0	0.0	4.47987823849e-14	0.5	3.83411223107e-13
843	0.0	0.0	4.47987823849e-14	0.5	3.83411223107e-13
844	0.0	0.0	4.47987823849e-14	0.5	3.83411223107e-13
845	0.0	0.0	2.55735250591e-14	0.5	2.58564177258e-13
846	0.0	0.0	5.55403469815e-14	0.5	7.00886880133e-13
847	0.0	0.0	3.02066768057e-15	0.5	2.37939591781e-14
848	0.0	0.0	2.55735250591e-14	0.5	2.58564177258e-13
849	0.0	0.0	2.55735250591e-14	0.5	2.58564177258e-13
850	0.0	0.0	1.28592933574e-12	0.5	2.41644134301e-11
851	0.0	0.0	1.69178681271e-15	0.5	5.46937531197e-15
852	0.0	0.0	6.75056090905e-13	0.5	9.14441453953e-12
853	0.0	0.0	8.64283695396e-13	0.5	1.0785188184e-11
854	0.0	0.0	1.41679537781e-12	0.5	1.16327890698e-11
855	0.0	0.0	8.64283695396e-13	0.5	1.0785188184e-11
856	0.0	0.0	1.52916976261e-14	0.5	1.77634314068e-13
857	0.0	0.0	3.02066768057e-15	0.5	2.37939591781e-14
858	0.0	0.0	1.0661109712e-11	0.5	7.23880079352e-11
859	0.0	0.0	3.69896399218e-11	0.5	1.58509299502e-09
860	0.0	0.0	4.96004051833e-15	0.5	1.99094638397e-14
861	0.0	0.0	6.75056090905e-13	0.5	9.14441453953e-12
862	0.0	0.0	8.64283695396e-13	0.5	1.0785188184e-11
863	0.0	0.0	1.75140011244e-13	0.5	3.34436333719e-11
864	0.0	0.0	1.08997190652e-12	0.5	1.48077132814e-11
865	0.0	0.0	2.61805779801e-14	0.5	3.05581489142e-13
866	0.0	0.0	2.61805779801e-14	0.5	3.05581489142e-13
867	0.0	0.0	8.94894346401e-14	0.5	5.65551089375e-13
868	0.0	0.0	1.05785245969e-10	0.5	1.261840428e-09
869	0.0	0.0	1.52916976261e-14	0.5	1.77634314068e-13
870	0.0	0.0	5.55403469815e-14	0.5	7.00886880133e-13
871	0.0	0.0	3.69708547645e-13	0.5	1.21516304832e-11
872	0.0	0.0	0.389065171139	0.5	0.801314683475
873	0.0	0.0	1.69178681271e-15	0.5	5.46937531197e-15
874	0.0	0.0	7.81088221484e-14	0.5	3.58773949061e-12
875	0.0	0.0	8.64283695396e-13	0.5	1.0785188184e-11
876	0.0	0.0	3.69708547645e-13	0.5	1.21516304832e-11
877	0.0	0.0	1.08997190652e-12	0.5	1.48077132814e-11
878	0.0	0.0	6.95489681959e-14	0.5	4.0301789054e-12
879	0.0	0.0	2.175717852e-11	0.5	4.78534986855e-10
880	0.0	0.0	2.61805779801e-14	0.5	3.05581489142e-13
881	0.0	0.0	2.61805779801e-14	0.5	3.05581489142e-13
882	0.0	0.0	1.82405319635e-11	0.5	3.24618061572e-10
883	0.0	0.0	1.28592933574e-12	0.5	2.41644134301e-11
884	0.0	0.0	8.04849172349e-14	0.5	4.67387076158e-13
885	0.0	0.0	5.55403469815e-14	0.5	7.00886880133e-13
886	0.0	0.0	2.55735250591e-14	0.5	2.58564177258e-13
887	0.0	0.0	2.61805779801e-14	0.5	3.05581489142e-13
888	0.0	0.0	2.25315707206e-17	0.5	4.9735348729e-17
889	0.0	0.0	1.28592933574e-12	0.5	2.41644134301e-11
890	0.0	0.0	2.29787910198e-14	0.5	2.32901010626e-13
891	0.0	0.0	4.47987823849e-14	0.5	3.83411223107e-13
892	0.0	0.0	3.15051500578e-13	0.5	1.17715270685e-10
893	0.0	0.0	1.69178681271e-15	0.5	5.46937531197e-15
894	0.0	0.0	2.55735250591e-14	0.5	2.58564177258e-13
895	0.0	0.0	1.69178681271e-15	0.5	5.46937531197e-15
896	0.0	0.0	2.61805779801e-14	0.5	3.05581489142e-13
897	0.0	0.0	4.47987823849e-14	0.5	3.83411223107e-13
898	0.0	0.0	8.94894346401e-14	0.5	5.65551089375e-13
899	0.0	0.0	6.66239833721e-18	0.5	2.50614749735e-17
900	0.0	0.0	6.75056090905e-13	0.5	9.14441453953e-12
901	0.0	0.0	8.94894346401e-14	0.5	5.65551089375e-13
902	0.0	0.0	2.55735250591e-14	0.5	2.58564177258e-13
903	0.0	0.0	2.71311609175e-15	0.5	3.61999315596e-14
904	0.0	0.0	1.45736876019e-14	0.5	8.32463644204e-14
905	0.0	0.0	1.45736876019e-14	0.5	8.32463644204e-14
906	0.0	0.0	1.08997190652e-12	0.5	1.48077132814e-11
907	0.0	0.0	5.55403469815e-14	0.5	7.00886880133e-13
908	0.0	0.0	6.75056090905e-13	0.5	9.14441453953e-12
909	0.0	0.0	3.25266457741e-07	0.5	1.76219635103e-06
910	0.0	0.0	2.61805779801e-14	0.5	3.05581489142e-13
911	0.0	0.0	1.09435230568e-10	0.5	7.85249368448e-10
912	0.0	0.0	3.69708547645e-13	0.5	1.21516304832e-11
913	0.0	0.0	1.02478722239e-08	0.5	1.57074461031e-07
914	0.0	0.0	3.70891706437e-13	0.5	1.05197758484e-11
915	0.0	0.0	1.28592933574e-12	0.5	2.41644134301e-11
916	0.0	0.0	2.61805779801e-14	0.5	3.05581489142e-13
917	0.0	0.0	4.47987823849e-14	0.5	3.83411223107e-13
918	0.0	0.0	4.96004051833e-15	0.5	1.99094638397e-14
919	0.0	0.0	2.55735250591e-14	0.5	2.58564177258e-13
920	0.0	0.0	4.96004051833e-15	0.5	1.99094638397e-14
921	0.0	0.0	1.45736876019e-14	0.5	8.32463644204e-14
922	0.0	0.0	1.45736876019e-14	0.5	8.32463644204e-14
923	0.0	0.0	8.64283695396e-13	0.5	1.0785188184e-11
924	0.0	0.0	1.45736876019e-14	0.5	8.32463644204e-14
925	0.0	0.0	8.94894346401e-14	0.5	5.65551089375e-13
926	0.0	0.0	4.96004051833e-15	0.5	1.99094638397e-14
927	0.0	0.0	6.75056090905e-13	0.5	9.14441453953e-12
928	0.0	0.0	4.96004051833e-15	0.5	1.99094638397e-14
929	0.0	0.0	8.94894346401e-14	0.5	5.65551089375e-13
930	0.0	0.0	8.94894346401e-14	0.5	5.65551089375e-13
931	0.0	0.0	1.08997190652e-12	0.5	1.48077132814e-11
932	0.0	0.0	5.55403469815e-14	0.5	7.00886880133e-13
933	0.0	0.0	8.05261119007e-15	0.5	5.19284478847e-13
934	0.0	0.0	3.70891706437e-13	0.5	1.05197758484e-11
935	0.0	0.0	6.75056090905e-13	0.5	9.14441453953e-12
936	0.0	0.0	6.75056090905e-13	0.5	9.14441453953e-12
937	0.0	0.0	4.47987823849e-14	0.5	3.83411223107e-13
938	0.0	0.0	5.55403469815e-14	0.5	7.00886880133e-13
939	0.0	0.0	8.94894346401e-14	0.5	5.65551089375e-13
940	0.0	0.0	4.47987823849e-14	0.5	3.83411223107e-13
941	0.0	0.0	3.70891706437e-13	0.5	1.05197758484e-11
942	0.0	0.0	3.02066768057e-15	0.5	2.37939591781e-14
943	0.0	0.0	8.94894346401e-14	0.5	5.65551089375e-13
944	0.0	0.0	3.69708547645e-13	0.5	1.21516304832e-11
945	0.0	0.0	6.75056090905e-13	0.5	9.14441453953e-12
946	0.0	0.0	2.71311609175e-15	0.5	3.61999315596e-14
947	0.0	0.0	2.55735250591e-14	0.5	2.58564177258e-13
948	0.0	0.0	2.25315707206e-17	0.5	4.9735348729e-17
949	0.0	0.0	8.29473191315e-12	0.5	1.30410069678e-10
950	0.0	0.0	1.28592933574e-12	0.5	2.41644134301e-11
951	0.0	0.0	1.45736876019e-14	0.5	8.32463644204e-14
952	0.0	0.0	1.08997190652e-12	0.5	1.48077132814e-11
953	0.0	0.0	1.45736876019e-14	0.5	8.32463644204e-14
954	0.0	0.0	1.08997190652e-12	0.5	1.48077132814e-11
955	0.0	0.0	2.25315707206e-17	0.5	4.9735348729e-17
956	0.0	0.0	6.75056090905e-13	0.5	9.14441453953e-12
957	0.0	0.0	8.64283695396e-13	0.5	1.0785188184e-11
958	0.0	0.0	1.08997190652e-12	0.5	1.48077132814e-11
959	0.0	0.0	4.96004051833e-15	0.5	1.99094638397e-14
960	0.0	0.0	5.55403469815e-14	0.5	7.00886880133e-13
961	0.0	0.0	8.94894346401e-14	0.5	5.65551089375e-13
962	0.0	0.0	4.47987823849e-14	0.5	3.83411223107e-13
963	0.0	0.0	3.69708547645e-13	0.5	1.21516304832e-11
964	0.0	0.0	5.55403469815e-14	0.5	7.00886880133e-13
965	0.0	0.0	2.55735250591e-14	0.5	2.58564177258e-13
966	0.0	0.0	1.28592933574e-12	0.5	2.41644134301e-11
967	0.0	0.0	2.55735250591e-14	0.5	2.58564177258e-13
968	0.0	0.0	1.45736876019e-14	0.5	8.32463644204e-14
969	0.0	0.0	5.55403469815e-14	0.5	7.00886880133e-13
970	0.0	0.0	5.55403469815e-14	0.5	7.00886880133e-13
971	0.0	0.0	3.69708547645e-13	0.5	1.21516304832e-11
972	0.0	0.0	8.94894346401e-14	0.5	5.65551089375e-13
973	0.0	0.0	8.94894346401e-14	0.5	5.65551089375e-13
974	0.0	0.0	5.55403469815e-14	0.5	7.00886880133e-13
975	0.0	0.0	8.94894346401e-14	0.5	5.65551089375e-13
976	0.0	0.0	5.68571477672e-14	0.5	3.22583600697e-13
977	0.0	0.0	1.36212459256e-08	0.5	1.44698147028e-05
978	0.0	0.0	2.48336703634e-13	0.5	2.96507311901e-12
979	0.0	0.0	5.03134886328e-12	0.5	1.85797418221e-10
980	0.0	0.0	8.94894346401e-14	0.5	5.65551089375e-13
981	0.0	0.0	2.61805779801e-14	0.5	3.05581489142e-13
982	0.0	0.0	1.71221791567e-09	0.5	2.93834531857e-08
983	0.0	0.0	2.30201082982e-12	0.5	1.51075888021e-10
984	0.0	0.0	1.14261437458e-14	0.5	1.74650300554e-12
985	0.0	0.0	3.98785728501e-11	0.5	1.31350044263e-09
986	0.0	0.0	3.79881400683e-10	0.5	3.50030095312e-07
987	0.0	0.0	1.42118764335e-12	0.5	2.50715582723e-12
988	0.0178571428571	0.0	1.65162249762e-09	0.5	6.27231036162e-06
989	0.0	0.0	1.169503684e-11	0.5	8.86306764873e-12
990	0.0	0.0	9.24049659721e-06	0.5	0.000127501228673
991	0.0	0.0	7.99200385905e-09	0.5	4.43031212469e-09
992	0.0	0.0	2.08988080059e-15	0.5	2.52804633887e-15
993	0.0	0.0	3.72276247106e-14	0.5	2.02153332764e-13
994	0.0	0.0	1.28592933574e-12	0.5	2.41644134301e-11
995	0.0	0.0	1.45736876019e-14	0.5	8.32463644204e-14
996	0.0	0.0	1.28592933574e-12	0.5	2.41644134301e-11
997	0.0	0.0	8.94894346401e-14	0.5	5.65551089375e-13
998	0.0	0.0	8.94894346401e-14	0.5	5.65551089375e-13
999	0.0	0.0	8.94894346401e-14	0.5	5.65551089375e-13
1000	0.0	0.0	8.94894346401e-14	0.5	5.65551089375e-13
1001	0.0	0.0	5.55403469815e-14	0.5	7.00886880133e-13
1002	0.0	0.0	4.96004051833e-15	0.5	1.99094638397e-14
1003	0.0	0.0	8.94894346401e-14	0.5	5.65551089375e-13
1004	0.0	0.0	1.45736876019e-14	0.5	8.32463644204e-14
1005	0.0	0.0	1.08997190652e-12	0.5	1.48077132814e-11
1006	0.0	0.0	4.47987823849e-14	0.5	3.83411223107e-13
1007	0.0	0.0	6.75056090905e-13	0.5	9.14441453953e-12
1008	0.0	0.0	1.52916976261e-14	0.5	1.77634314068e-13
1009	0.0	0.0	2.25315707206e-17	0.5	4.9735348729e-17
1010	0.0	0.0	1.4976171643e-05	0.5	0.000119989142766
1011	0.0714285714286	0.137931034483	6.54123463249e-08	0.5	1.75200894979e-07
1012	0.0	0.0	5.55403469815e-14	0.5	7.00886880133e-13
1013	0.0	0.0	4.96004051833e-15	0.5	1.99094638397e-14
1014	0.0	0.0	5.55403469815e-14	0.5	7.00886880133e-13
1015	0.0	0.0	2.25315707206e-17	0.5	4.9735348729e-17
1016	0.0	0.0	2.3996676775e-12	0.5	3.27154480021e-12
1017	0.0	0.0	5.91380715194e-13	0.5	1.34634409699e-11
1018	0.0	0.0	1.79928403796e-12	0.5	1.97303438264e-11
1019	0.0	0.0	1.08997190652e-12	0.5	1.48077132814e-11
1020	0.0	0.0	4.35060659945e-14	0.5	8.12261074539e-13
1021	0.0	0.0	1.76259163806e-14	0.5	1.07095641377e-14
1022	0.0	0.0	5.55403469815e-14	0.5	7.00886880133e-13
1023	0.0	0.0	5.55403469815e-14	0.5	7.00886880133e-13
1024	0.0	0.0	6.75056090905e-13	0.5	9.14441453953e-12
1025	0.0	0.0	3.21870786521e-15	0.5	2.23127854626e-14
1026	0.0	0.0	5.55403469815e-14	0.5	7.00886880133e-13
1027	0.0	0.0	2.25315707206e-17	0.5	4.9735348729e-17
1028	0.0	0.0	0.00635723898011	0.5	0.0749976204758
1029	0.0	0.0	8.64283695396e-13	0.5	1.0785188184e-11
1030	0.0	0.0	6.66239833721e-18	0.5	2.50614749735e-17
1031	0.0	0.0	3.69708547645e-13	0.5	1.21516304832e-11
1032	0.0	0.0	1.45736876019e-14	0.5	8.32463644204e-14
1033	0.0	0.0	5.55403469815e-14	0.5	7.00886880133e-13
1034	0.0178571428571	0.0344827586207	2.61935982868e-15	0.5	4.26715751232e-14
1035	0.0535714285714	0.0689655172414	7.01494399784e-18	0.5	2.77526203997e-17
1036	0.196428571429	0.206896551724			
1037	0.196428571429	0.206896551724			
1038	0.196428571429	0.206896551724			
1039	0.196428571429	0.206896551724			
1040	0.196428571429	0.206896551724			
1041	0.196428571429	0.206896551724			
1042	0.196428571429	0.206896551724			
1043	0.196428571429	0.206896551724			
1044	0.196428571429	0.206896551724			
1045	0.196428571429	0.206896551724			
1046	0.196428571429	0.206896551724			
1047	0.196428571429	0.206896551724			
1048	0.196428571429	0.206896551724			
1049	0.196428571429	0.206896551724			
1050	0.178571428571	0.172413793103			
1051	0.125	0.172413793103			
1052	0.125	0.172413793103			
1053	0.0892857142857	0.103448275862			
1054	0.0535714285714	0.0344827586207	4.5202566216e-17	0.5	5.78154511802e-16
1055	0.0535714285714	0.0344827586207	4.5202566216e-17	0.5	5.78154511802e-16
1056	0.0535714285714	0.0344827586207	3.14613627312e-14	0.5	7.21004737455e-13
1057	0.0535714285714	0.0344827586207	4.18672672903e-12	0.5	3.5317778467e-11
1058	0.0535714285714	0.0344827586207	1.84882898887e-14	0.5	3.42073714028e-13
1059	0.0535714285714	0.0344827586207	9.81454972991e-15	0.5	9.38231393646e-13
1060	0.0535714285714	0.0344827586207	1.89471268078e-14	0.5	1.52881196745e-13
1061	0.0535714285714	0.0344827586207	7.02485670912e-18	0.5	2.76572035401e-17
1062	0.0535714285714	0.0344827586207	4.55459043829e-13	0.5	3.59969133698e-11
1063	0.0535714285714	0.0344827586207	9.44482108722e-16	0.5	7.45408291974e-13
1064	0.0535714285714	0.0344827586207	1.03969547767e-12	0.5	2.86410635612e-11
1065	0.0535714285714	0.0344827586207	1.48195031185e-12	0.5	4.42217195191e-11
1066	0.0535714285714	0.0344827586207	7.30986873786e-14	0.5	1.35622002376e-12
1067	0.0535714285714	0.0344827586207	3.23744508924e-15	0.5	6.02443204982e-14
1068	0.0535714285714	0.0344827586207	3.22749839018e-14	0.5	5.25064669052e-13
1069	0.0535714285714	0.0344827586207	4.5202566216e-17	0.5	5.78154511802e-16
1070	0.0535714285714	0.0344827586207	4.55459043829e-13	0.5	3.59969133698e-11
1071	0.0535714285714	0.0344827586207	7.30986873786e-14	0.5	1.35622002376e-12
1072	0.0535714285714	0.0344827586207	1.89471268078e-14	0.5	1.52881196745e-13
1073	0.0357142857143	0.0344827586207	4.97628917082e-13	0.5	8.44759296166e-10
1074	0.0357142857143	0.0344827586207	5.10754436746e-12	0.5	7.6108877759e-10
1075	0.0357142857143	0.0344827586207	6.76394015303e-13	0.5	9.13166606558e-12
1076	0.0357142857143	0.0344827586207	4.97628917082e-13	0.5	8.44759296166e-10
1077	0.0357142857143	0.0344827586207	1.0953683674e-14	0.5	2.52188825616e-13
1078	0.0357142857143	0.0344827586207	6.76394015303e-13	0.5	9.13166606558e-12
1079	0.0357142857143	0.0344827586207	1.84865394506e-11	0.5	7.22207245394e-10
1080	0.0357142857143	0.0344827586207	1.3840736978e-11	0.5	1.08183537767e-09
1081	0.0357142857143	0.0344827586207	8.96052746385e-14	0.5	5.64446756054e-13
1082	0.0357142857143	0.0344827586207	8.96052746385e-14	0.5	5.64446756054e-13
1083	0.0357142857143	0.0344827586207	2.03943186114e-14	0.5	1.39840066504e-13
1084	0.0178571428571	0.0344827586207	7.09664406905e-12	0.5	2.36735203509e-11
1085	0.0178571428571	0.0344827586207	2.49140411964e-12	0.5	1.20536429389e-11
1086	0.125	0.206896551724			
1087	0.125	0.206896551724			
1088	0.125	0.206896551724			
1089	0.125	0.206896551724			
1090	0.125	0.206896551724			
1091	0.125	0.206896551724			
1092	0.125	0.206896551724			
1093	0.125	0.206896551724			
1094	0.125	0.206896551724			
1095	0.125	0.206896551724			
1096	0.125	0.206896551724			
1097	0.125	0.206896551724			
1098	0.125	0.206896551724			
1099	0.125	0.206896551724			
1100	0.125	0.206896551724			
1101	0.125	0.206896551724			
1102	0.125	0.206896551724			
1103	0.125	0.206896551724			
1104	0.125	0.206896551724			
1105	0.125	0.206896551724			
1106	0.125	0.206896551724			
1107	0.125	0.206896551724			
1108	0.125	0.206896551724			
1109	0.125	0.206896551724			
1110	0.125	0.206896551724			
1111	0.125	0.206896551724			
1112	0.125	0.206896551724			
1113	0.125	0.206896551724			
1114	0.125	0.206896551724			
1115	0.125	0.206896551724			
1116	0.125	0.206896551724			
1117	0.125	0.206896551724			
1118	0.125	0.206896551724			
1119	0.125	0.206896551724			
1120	0.125	0.206896551724			
1121	0.125	0.206896551724			
1122	0.125	0.206896551724			
1123	0.125	0.206896551724			
1124	0.125	0.206896551724			
1125	0.125	0.206896551724			
1126	0.125	0.206896551724			
1127	0.125	0.206896551724			
1128	0.125	0.206896551724			
1129	0.125	0.206896551724			
1130	0.125	0.206896551724			
1131	0.125	0.206896551724			
1132	0.125	0.206896551724			
1133	0.125	0.206896551724			
1134	0.125	0.206896551724			
1135	0.125	0.206896551724			
1136	0.125	0.206896551724			
1137	0.125	0.206896551724			
1138	0.125	0.206896551724			
1139	0.0357142857143	0.0344827586207	3.7212896279e-13	0.5	1.21288247164e-11
1140	0.0357142857143	0.0344827586207	2.48669416766e-11	0.5	1.69766405984e-09
1141	0.0357142857143	0.0344827586207	1.30093105197e-11	0.5	2.82313502713e-10
1142	0.0357142857143	0.0344827586207	2.79503881487e-11	0.5	1.60593187778e-09
1143	0.125	0.206896551724			
1144	0.0178571428571	0.0	1.09187153814e-12	0.5	1.47881718729e-11
1145	0.0178571428571	0.0	9.93500837867e-13	0.5	5.24423293619e-12
1146	0.0535714285714	0.0	9.34701446275e-12	0.5	5.61628460816e-10
1147	0.0714285714286	0.0	0.000117060497625	0.5	0.0179424632046
1148	0.0714285714286	0.0	6.32835973946e-13	0.5	1.41500773394e-11
1149	0.0714285714286	0.0	8.62887108712e-12	0.5	7.01173912126e-10
1150	0.0714285714286	0.0	0.00222298439082	0.5	0.257579212875
1151	0.0714285714286	0.0	3.9465801399e-12	0.5	4.5769393487e-10
1152	0.0714285714286	0.0	1.41723563943e-13	0.5	4.47287167417e-12
1153	0.0714285714286	0.0	6.09426056427e-12	0.5	4.43292742714e-10
1154	0.0714285714286	0.0	3.8698155019e-12	0.5	1.1422815543e-09
1155	0.0714285714286	0.0	2.10609873138e-14	0.5	5.89947780275e-13
1156	0.0714285714286	0.0	3.71876559827e-13	0.5	1.05105235147e-11
1157	0.107142857143	0.0689655172414			
1158	0.107142857143	0.0689655172414			
1159	0.107142857143	0.0689655172414			
1160	0.107142857143	0.0689655172414			
1161	0.107142857143	0.0689655172414			
1162	0.107142857143	0.0689655172414			
1163	0.107142857143	0.0689655172414			
1164	0.107142857143	0.0689655172414			
1165	0.107142857143	0.0689655172414			
1166	0.107142857143	0.0689655172414			
1167	0.107142857143	0.0689655172414			
1168	0.107142857143	0.0689655172414			
1169	0.107142857143	0.0689655172414			
1170	0.107142857143	0.0689655172414			
1171	0.107142857143	0.0689655172414			
1172	0.107142857143	0.0689655172414			
1173	0.107142857143	0.0689655172414			
1174	0.107142857143	0.0689655172414			
1175	0.142857142857	0.103448275862			
1176	0.125	0.103448275862			
1177	0.125	0.103448275862			
1178	0.125	0.103448275862			
1179	0.125	0.103448275862			
1180	0.125	0.103448275862			
1181	0.125	0.103448275862			
1182	0.125	0.103448275862			
1183	0.107142857143	0.0689655172414			
1184	0.0535714285714	0.0689655172414	3.25710783307e-15	0.5	5.46468031443e-13
1185	0.0	0.0	1.08997190652e-12	0.5	1.48077132814e-11
1186	0.0	0.0	1.08997190652e-12	0.5	1.48077132814e-11
1187	0.0	0.0	1.08997190652e-12	0.5	1.48077132814e-11
1188	0.0	0.0	2.55735250591e-14	0.5	2.58564177258e-13
1189	0.0	0.0	8.64283695396e-13	0.5	1.0785188184e-11
1190	0.0	0.0	1.28592933574e-12	0.5	2.41644134301e-11
1191	0.0	0.0	7.04984585773e-13	0.5	2.51241216219e-11
1192	0.0	0.0	4.96004051833e-15	0.5	1.99094638397e-14
1193	0.0	0.0	8.64283695396e-13	0.5	1.0785188184e-11
1194	0.0	0.0	6.75056090905e-13	0.5	9.14441453953e-12
1195	0.0	0.0	2.25315707206e-17	0.5	4.9735348729e-17
1196	0.0	0.0	8.94894346401e-14	0.5	5.65551089375e-13
1197	0.0	0.0	6.75056090905e-13	0.5	9.14441453953e-12
1198	0.0	0.0	3.02066768057e-15	0.5	2.37939591781e-14
1199	0.0	0.0	2.55735250591e-14	0.5	2.58564177258e-13
1200	0.0	0.0	1.08997190652e-12	0.5	1.48077132814e-11
1201	0.0	0.0	1.28592933574e-12	0.5	2.41644134301e-11
1202	0.0	0.0	1.28592933574e-12	0.5	2.41644134301e-11
1203	0.0	0.0	1.08997190652e-12	0.5	1.48077132814e-11
1204	0.0	0.0	6.66239833721e-18	0.5	2.50614749735e-17
1205	0.0	0.0	1.28592933574e-12	0.5	2.41644134301e-11
1206	0.0	0.0	6.75056090905e-13	0.5	9.14441453953e-12
1207	0.0	0.0	3.69708547645e-13	0.5	1.21516304832e-11
1208	0.0	0.0	4.35736989909e-17	0.5	3.81606561741e-16
1209	0.0	0.0	1.28592933574e-12	0.5	2.41644134301e-11
1210	0.0	0.0	6.75056090905e-13	0.5	9.14441453953e-12
1211	0.0	0.0	3.69708547645e-13	0.5	1.21516304832e-11
1212	0.0	0.0	8.94894346401e-14	0.5	5.65551089375e-13
1213	0.0	0.0	6.75056090905e-13	0.5	9.14441453953e-12
1214	0.0	0.0	3.02066768057e-15	0.5	2.37939591781e-14
1215	0.0	0.0	4.96004051833e-15	0.5	1.99094638397e-14
1216	0.0	0.0	1.08997190652e-12	0.5	1.48077132814e-11
1217	0.0	0.0	2.55735250591e-14	0.5	2.58564177258e-13
1218	0.0	0.0	3.02066768057e-15	0.5	2.37939591781e-14
1219	0.0	0.0	3.69708547645e-13	0.5	1.21516304832e-11
1220	0.0	0.0	8.94894346401e-14	0.5	5.65551089375e-13
1221	0.0	0.0	4.96004051833e-15	0.5	1.99094638397e-14
1222	0.0	0.0	2.61805779801e-14	0.5	3.05581489142e-13
1223	0.0	0.0	1.84433623282e-09	0.5	2.1850632517e-06
1224	0.0	0.0	4.96004051833e-15	0.5	1.99094638397e-14
1225	0.0	0.0	1.15006560548e-14	0.5	2.33256431788e-11
1226	0.0	0.0	6.66239833721e-18	0.5	2.50614749735e-17
1227	0.0	0.0	0.914299058631	0.5	0.971463864447
1228	0.0	0.0	2.55735250591e-14	0.5	2.58564177258e-13
1229	0.0	0.0	6.04050342639e-07	0.5	8.10591965172e-06
1230	0.0	0.0	1.45736876019e-14	0.5	8.32463644204e-14
1231	0.0	0.0	0.0159847245517	0.5	0.465920527239
1232	0.0	0.0	5.01173186889e-14	0.5	8.09193361712e-13
1233	0.0	0.0	5.55403469815e-14	0.5	7.00886880133e-13
1234	0.0	0.0	4.02322940296e-09	0.5	3.637599304e-09
1235	0.0	0.0	9.35637147813e-13	0.5	8.15475194217e-12
1236	0.0	0.0	1.27629883409e-07	0.5	1.69088950661e-06
1237	0.0	0.0	7.14626505527e-10	0.5	5.04396073148e-09
1238	0.0	0.0	3.81169027225e-08	0.5	4.04896850618e-06
1239	0.0	0.0	1.08997190652e-12	0.5	1.48077132814e-11
1240	0.0	0.0	2.55735250591e-14	0.5	2.58564177258e-13
1241	0.0	0.0	2.55735250591e-14	0.5	2.58564177258e-13
1242	0.0	0.0	1.2108211763e-11	0.5	2.85787652006e-09
1243	0.0	0.0	8.43170560622e-11	0.5	2.12019075494e-10
1244	0.0	0.0	6.66239833721e-18	0.5	2.50614749735e-17
1245	0.0	0.0	1.28592933574e-12	0.5	2.41644134301e-11
1246	0.0	0.0	1.40412343206e-12	0.5	1.82993403847e-12
1247	0.0	0.0	3.76380058736e-08	0.5	5.27278371634e-08
1248	0.0	0.0	3.3714292172e-07	0.5	3.92255499286e-09
1249	0.0	0.0	2.55735250591e-14	0.5	2.58564177258e-13
1250	0.0	0.0	3.52001002405e-13	0.5	6.22343646753e-12
1251	0.0	0.0	1.07878705153e-10	0.5	1.01940156922e-08
1252	0.0	0.0	8.64283695396e-13	0.5	1.0785188184e-11
1253	0.0	0.0	1.52916976261e-14	0.5	1.77634314068e-13
1254	0.0	0.0	4.35736989909e-17	0.5	3.81606561741e-16
1255	0.0	0.0	2.61805779801e-14	0.5	3.05581489142e-13
1256	0.0	0.0	2.41874730475e-05	0.5	0.000467168597414
1257	0.0	0.0	1.08997190652e-12	0.5	1.48077132814e-11
1258	0.0	0.0	2.61805779801e-14	0.5	3.05581489142e-13
1259	0.0	0.0	1.08997190652e-12	0.5	1.48077132814e-11
1260	0.0	0.0	2.55735250591e-14	0.5	2.58564177258e-13
1261	0.0	0.0	3.69708547645e-13	0.5	1.21516304832e-11
1262	0.0	0.0	4.47987823849e-14	0.5	3.83411223107e-13
1263	0.0	0.0	2.55735250591e-14	0.5	2.58564177258e-13
1264	0.0	0.0	1.08997190652e-12	0.5	1.48077132814e-11
1265	0.0	0.0	4.96004051833e-15	0.5	1.99094638397e-14
1266	0.0	0.0	7.45857366221e-13	0.5	1.42994655707e-11
1267	0.0	0.0	4.96004051833e-15	0.5	1.99094638397e-14
1268	0.0	0.0	3.70891706437e-13	0.5	1.05197758484e-11
1269	0.0	0.0	1.28592933574e-12	0.5	2.41644134301e-11
1270	0.0	0.0	1.01105993234e-11	0.5	5.14620211864e-11
1271	0.0	0.0	1.28592933574e-12	0.5	2.41644134301e-11
1272	0.0	0.0	1.28592933574e-12	0.5	2.41644134301e-11
1273	0.0	0.0	1.69178681271e-15	0.5	5.46937531197e-15
1274	0.160714285714	0.241379310345			
1275	0.410714285714	0.51724137931			
1276	0.410714285714	0.51724137931			
1277	0.410714285714	0.51724137931			
1278	0.410714285714	0.51724137931			
1279	0.410714285714	0.51724137931			
1280	0.410714285714	0.51724137931			
1281	0.410714285714	0.51724137931			
1282	0.410714285714	0.51724137931			
1283	0.410714285714	0.51724137931			
1284	0.410714285714	0.51724137931			
1285	0.410714285714	0.51724137931			
1286	0.410714285714	0.51724137931			
1287	0.410714285714	0.51724137931			
1288	0.410714285714	0.51724137931			
1289	0.410714285714	0.51724137931			
1290	0.410714285714	0.51724137931			
1291	0.410714285714	0.51724137931			
1292	0.410714285714	0.51724137931			
1293	0.410714285714	0.51724137931			
1294	0.0357142857143	0.0344827586207	3.72327174042e-13	0.5	1.21850863442e-11
1295	0.0357142857143	0.0344827586207	4.97609196132e-15	0.5	1.97999926202e-14
1296	0.0178571428571	0.0	4.965816427e-15	0.5	1.98540182878e-14
1297	0.0178571428571	0.0	1.6919516588e-15	0.5	5.46755996965e-15
1298	0.0	0.0	4.47987823849e-14	0.5	3.83411223107e-13
1299	0.0	0.0	6.75056090905e-13	0.5	9.14441453953e-12
1300	0.0	0.0	3.69708547645e-13	0.5	1.21516304832e-11
1301	0.0	0.0	3.02066768057e-15	0.5	2.37939591781e-14
1302	0.0	0.0	1.45736876019e-14	0.5	8.32463644204e-14
1303	0.0	0.0	5.55403469815e-14	0.5	7.00886880133e-13
1304	0.0	0.0	5.55403469815e-14	0.5	7.00886880133e-13
1305	0.0	0.0	1.69178681271e-15	0.5	5.46937531197e-15
1306	0.0	0.0	2.61805779801e-14	0.5	3.05581489142e-13
1307	0.0	0.0	2.61805779801e-14	0.5	3.05581489142e-13
1308	0.0	0.0	3.70891706437e-13	0.5	1.05197758484e-11
1309	0.0	0.0	3.70891706437e-13	0.5	1.05197758484e-11
1310	0.0	0.0	2.55735250591e-14	0.5	2.58564177258e-13
1311	0.0	0.0	8.64283695396e-13	0.5	1.0785188184e-11
1312	0.0	0.0	3.02066768057e-15	0.5	2.37939591781e-14
1313	0.0	0.0	2.61805779801e-14	0.5	3.05581489142e-13
1314	0.0	0.0	2.61805779801e-14	0.5	3.05581489142e-13
1315	0.0	0.0	1.28592933574e-12	0.5	2.41644134301e-11
1316	0.0	0.0	4.96004051833e-15	0.5	1.99094638397e-14
1317	0.0	0.0	8.94894346401e-14	0.5	5.65551089375e-13
1318	0.0	0.0	2.61805779801e-14	0.5	3.05581489142e-13
1319	0.0	0.0	2.61805779801e-14	0.5	3.05581489142e-13
1320	0.0	0.0	2.25315707206e-17	0.5	4.9735348729e-17
1321	0.0	0.0	6.00171130568e-14	0.5	2.61783919821e-13
1322	0.0	0.0	2.61805779801e-14	0.5	3.05581489142e-13
1323	0.0	0.0	2.25315707206e-17	0.5	4.9735348729e-17
1324	0.0	0.0	1.08997190652e-12	0.5	1.48077132814e-11
1325	0.0	0.0	2.25315707206e-17	0.5	4.9735348729e-17
1326	0.0	0.0	1.52916976261e-14	0.5	1.77634314068e-13
1327	0.0	0.0	2.25315707206e-17	0.5	4.9735348729e-17
1328	0.0	0.0	1.38158144869e-14	0.5	3.13219715716e-14
1329	0.0	0.0	2.55735250591e-14	0.5	2.58564177258e-13
1330	0.0	0.0	2.61805779801e-14	0.5	3.05581489142e-13
1331	0.0	0.0	3.69708547645e-13	0.5	1.21516304832e-11
1332	0.0	0.0	1.69178681271e-15	0.5	5.46937531197e-15
1333	0.0	0.0	4.96004051833e-15	0.5	1.99094638397e-14
1334	0.0	0.0	8.64283695396e-13	0.5	1.0785188184e-11
1335	0.0	0.0	1.08997190652e-12	0.5	1.48077132814e-11
1336	0.0	0.0	3.69708547645e-13	0.5	1.21516304832e-11
1337	0.0	0.0	4.47987823849e-14	0.5	3.83411223107e-13
1338	0.0	0.0	3.69708547645e-13	0.5	1.21516304832e-11
1339	0.0	0.0	1.08997190652e-12	0.5	1.48077132814e-11
1340	0.0	0.0	8.94894346401e-14	0.5	5.65551089375e-13
1341	0.0	0.0	1.79922977706e-05	0.5	0.00119615686269
1342	0.0	0.0	1.69178681271e-15	0.5	5.46937531197e-15
1343	0.0	0.0	2.25315707206e-17	0.5	4.9735348729e-17
1344	0.0	0.0	3.69708547645e-13	0.5	1.21516304832e-11
1345	0.0	0.0	4.47987823849e-14	0.5	3.83411223107e-13
1346	0.0	0.0	6.75056090905e-13	0.5	9.14441453953e-12
1347	0.0	0.0	9.85975553033e-15	0.5	2.14388343534e-13
1348	0.0	0.0	6.75056090905e-13	0.5	9.14441453953e-12
1349	0.0	0.0	3.02066768057e-15	0.5	2.37939591781e-14
1350	0.0	0.0	1.08997190652e-12	0.5	1.48077132814e-11
1351	0.0	0.0	1.28592933574e-12	0.5	2.41644134301e-11
1352	0.0	0.0	6.75056090905e-13	0.5	9.14441453953e-12
1353	0.0	0.0	9.37274580426e-17	0.5	6.80536747525e-16
1354	0.0	0.0	1.28592933574e-12	0.5	2.41644134301e-11
1355	0.0	0.0	2.55735250591e-14	0.5	2.58564177258e-13
1356	0.0	0.0	3.02066768057e-15	0.5	2.37939591781e-14
1357	0.0	0.0	1.08997190652e-12	0.5	1.48077132814e-11
1358	0.0	0.0	1.45736876019e-14	0.5	8.32463644204e-14
1359	0.0	0.0	3.02066768057e-15	0.5	2.37939591781e-14
1360	0.0	0.0	3.02066768057e-15	0.5	2.37939591781e-14
1361	0.0	0.0	6.75056090905e-13	0.5	9.14441453953e-12
1362	0.0	0.0	5.55403469815e-14	0.5	7.00886880133e-13
1363	0.0	0.0	6.10167608441e-11	0.5	3.55287026111e-10
1364	0.0	0.0	4.47987823849e-14	0.5	3.83411223107e-13
1365	0.0	0.0	8.14785856137e-12	0.5	5.45038267864e-11
1366	0.0	0.0	1.69178681271e-15	0.5	5.46937531197e-15
1367	0.0	0.0	1.48369444416e-10	0.5	3.39472669205e-09
1368	0.0	0.0	2.85450694761e-05	0.5	0.00143165305631
1369	0.0	0.0	8.51805280246e-11	0.5	2.40122610016e-10
1370	0.0	0.0	1.28770831333e-09	0.5	1.64567424915e-10
1371	0.0	0.0	5.55403469815e-14	0.5	7.00886880133e-13
1372	0.0	0.0	2.55735250591e-14	0.5	2.58564177258e-13
1373	0.0	0.0	3.01629622923e-14	0.5	2.17293497374e-13
1374	0.0	0.0	1.28592933574e-12	0.5	2.41644134301e-11
1375	0.0	0.0	3.70891706437e-13	0.5	1.05197758484e-11
1376	0.0	0.0	4.35736989909e-17	0.5	3.81606561741e-16
1377	0.0	0.0	6.75056090905e-13	0.5	9.14441453953e-12
1378	0.0	0.0	2.55735250591e-14	0.5	2.58564177258e-13
1379	0.0	0.0	8.64283695396e-13	0.5	1.0785188184e-11
1380	0.0	0.0	1.25218638144e-13	0.5	2.49099584144e-11
1381	0.0	0.0	3.69708547645e-13	0.5	1.21516304832e-11
1382	0.0	0.0	6.75056090905e-13	0.5	9.14441453953e-12
1383	0.0	0.0	1.08997190652e-12	0.5	1.48077132814e-11
1384	0.0	0.0	1.28592933574e-12	0.5	2.41644134301e-11
1385	0.0	0.0	3.69708547645e-13	0.5	1.21516304832e-11
1386	0.0	0.0	1.45736876019e-14	0.5	8.32463644204e-14
1387	0.0	0.0	4.96004051833e-15	0.5	1.99094638397e-14
1388	0.0	0.0	5.55403469815e-14	0.5	7.00886880133e-13
1389	0.0	0.0	6.66239833721e-18	0.5	2.50614749735e-17
1390	0.0	0.0	1.10590514538e-12	0.5	1.48152352241e-11
1391	0.0	0.0	1.28592933574e-12	0.5	2.41644134301e-11
1392	0.0	0.0	2.61805779801e-14	0.5	3.05581489142e-13
1393	0.0	0.0	1.28592933574e-12	0.5	2.41644134301e-11
1394	0.0	0.0	1.69160453466e-11	0.5	2.14822815129e-09
1395	0.0	0.0	8.94894346401e-14	0.5	5.65551089375e-13
1396	0.0	0.0	1.28592933574e-12	0.5	2.41644134301e-11
1397	0.0	0.0	1.52916976261e-14	0.5	1.77634314068e-13
1398	0.0	0.0	2.71311609175e-15	0.5	3.61999315596e-14
1399	0.0	0.0	3.70891706437e-13	0.5	1.05197758484e-11
1400	0.0	0.0	3.70891706437e-13	0.5	1.05197758484e-11
1401	0.0	0.0	3.69708547645e-13	0.5	1.21516304832e-11
1402	0.0	0.0	1.45736876019e-14	0.5	8.32463644204e-14
1403	0.0	0.0	2.19438076002e-15	0.5	4.20846752169e-14
1404	0.0	0.0	4.96004051833e-15	0.5	1.99094638397e-14
1405	0.0	0.0	4.35736989909e-17	0.5	3.81606561741e-16
1406	0.0	0.0	2.55735250591e-14	0.5	2.58564177258e-13
1407	0.0	0.0	6.75056090905e-13	0.5	9.14441453953e-12
1408	0.0	0.0	3.69708547645e-13	0.5	1.21516304832e-11
1409	0.0	0.0	4.47987823849e-14	0.5	3.83411223107e-13
1410	0.0	0.0	3.69708547645e-13	0.5	1.21516304832e-11
1411	0.0	0.0	1.08997190652e-12	0.5	1.48077132814e-11
1412	0.0	0.0	1.08997190652e-12	0.5	1.48077132814e-11
1413	0.0	0.0	1.08997190652e-12	0.5	1.48077132814e-11
1414	0.0	0.0	6.75056090905e-13	0.5	9.14441453953e-12
1415	0.0	0.0	1.28592933574e-12	0.5	2.41644134301e-11
1416	0.0	0.0	8.94894346401e-14	0.5	5.65551089375e-13
1417	0.0	0.0	6.75056090905e-13	0.5	9.14441453953e-12
1418	0.0	0.0	1.35626350457e-12	0.5	1.20994574773e-11
1419	0.0178571428571	0.0	4.44877339516e-15	0.5	2.49670375205e-14
1420	0.0178571428571	0.0	5.39749700334e-15	0.5	1.05644175074e-15
1421	0.0178571428571	0.0	1.09394081164e-12	0.5	5.90971220224e-12
1422	0.0178571428571	0.0	3.51585393032e-12	0.5	1.9828353072e-12
1423	0.0178571428571	0.0	1.25123272055e-12	0.5	9.01039089054e-12
1424	0.0357142857143	0.0344827586207	1.14431871478e-08	0.5	4.45009301046e-08
1425	0.0178571428571	0.0	1.66280255443e-12	0.5	2.79900581803e-11
1426	0.0178571428571	0.0	8.82306061727e-13	0.5	6.88029292861e-12
1427	0.0178571428571	0.0	4.26835036564e-14	0.5	9.30305825965e-13
1428	0.0178571428571	0.0	3.52585412281e-14	0.5	2.22065304088e-13
1429	0.0178571428571	0.0	3.71077637516e-13	0.5	1.05181705285e-11
1430	0.0178571428571	0.0	3.70187232924e-13	0.5	1.21468982609e-11
1431	0.0178571428571	0.0	1.14253926122e-12	0.5	1.76710933876e-11
1432	0.0	0.0	8.94894346401e-14	0.5	5.65551089375e-13
1433	0.0	0.0	2.25315707206e-17	0.5	4.9735348729e-17
1434	0.0	0.0	1.45736876019e-14	0.5	8.32463644204e-14
1435	0.0	0.0	1.28592933574e-12	0.5	2.41644134301e-11
1436	0.0	0.0	3.69708547645e-13	0.5	1.21516304832e-11
1437	0.0	0.0	1.52916976261e-14	0.5	1.77634314068e-13
1438	0.0	0.0	1.35962312139e-13	0.5	3.23351946363e-11
1439	0.0	0.0	9.48605485751e-13	0.5	8.16352373227e-12
1440	0.0	0.0	1.52916976261e-14	0.5	1.77634314068e-13
1441	0.0	0.0	1.28592933574e-12	0.5	2.41644134301e-11
1442	0.0	0.0	8.64283695396e-13	0.5	1.0785188184e-11
1443	0.0	0.0	1.52916976261e-14	0.5	1.77634314068e-13
1444	0.0	0.0	6.75056090905e-13	0.5	9.14441453953e-12
1445	0.0	0.0	4.96004051833e-15	0.5	1.99094638397e-14
1446	0.0	0.0	1.52916976261e-14	0.5	1.77634314068e-13
1447	0.0	0.0	1.76755864085e-09	0.5	2.42428914532e-08
1448	0.0	0.0	1.28592933574e-12	0.5	2.41644134301e-11
1449	0.0	0.0	1.52916976261e-14	0.5	1.77634314068e-13
1450	0.0	0.0	1.28592933574e-12	0.5	2.41644134301e-11
1451	0.0	0.0	6.75056090905e-13	0.5	9.14441453953e-12
1452	0.0	0.0	7.87052081334e-15	0.5	4.74569742707e-13
1453	0.0	0.0	4.96004051833e-15	0.5	1.99094638397e-14
1454	0.0	0.0	8.64283695396e-13	0.5	1.0785188184e-11
1455	0.0	0.0	2.61805779801e-14	0.5	3.05581489142e-13
1456	0.0	0.0	4.96004051833e-15	0.5	1.99094638397e-14
1457	0.0	0.0	6.75056090905e-13	0.5	9.14441453953e-12
1458	0.0	0.0	1.52916976261e-14	0.5	1.77634314068e-13
1459	0.0	0.0	1.45736876019e-14	0.5	8.32463644204e-14
1460	0.0	0.0	1.28592933574e-12	0.5	2.41644134301e-11
1461	0.0	0.0	1.28592933574e-12	0.5	2.41644134301e-11
1462	0.0	0.0	3.69708547645e-13	0.5	1.21516304832e-11
1463	0.0	0.0	8.64283695396e-13	0.5	1.0785188184e-11
1464	0.0	0.0	1.28592933574e-12	0.5	2.41644134301e-11
1465	0.0	0.0	3.02066768057e-15	0.5	2.37939591781e-14
1466	0.0	0.0	3.02066768057e-15	0.5	2.37939591781e-14
1467	0.0	0.0	8.94894346401e-14	0.5	5.65551089375e-13
1468	0.0	0.0	1.28592933574e-12	0.5	2.41644134301e-11
1469	0.0	0.0	2.25315707206e-17	0.5	4.9735348729e-17
1470	0.0	0.0	8.64283695396e-13	0.5	1.0785188184e-11
1471	0.0	0.0	1.28592933574e-12	0.5	2.41644134301e-11
1472	0.0	0.0	3.69708547645e-13	0.5	1.21516304832e-11
1473	0.0	0.0	2.55735250591e-14	0.5	2.58564177258e-13
1474	0.0	0.0	6.75056090905e-13	0.5	9.14441453953e-12
1475	0.0	0.0	4.96004051833e-15	0.5	1.99094638397e-14
1476	0.0	0.0	1.28592933574e-12	0.5	2.41644134301e-11
1477	0.0	0.0	1.28592933574e-12	0.5	2.41644134301e-11
1478	0.0	0.0	1.28592933574e-12	0.5	2.41644134301e-11
1479	0.0	0.0	3.69708547645e-13	0.5	1.21516304832e-11
1480	0.0	0.0	1.28592933574e-12	0.5	2.41644134301e-11
1481	0.0	0.0	1.08997190652e-12	0.5	1.48077132814e-11
1482	0.0	0.0	3.02066768057e-15	0.5	2.37939591781e-14
1483	0.0	0.0	3.69708547645e-13	0.5	1.21516304832e-11
1484	0.0	0.0	6.75056090905e-13	0.5	9.14441453953e-12
1485	0.0	0.0	3.70891706437e-13	0.5	1.05197758484e-11
1486	0.0	0.0	8.64283695396e-13	0.5	1.0785188184e-11
1487	0.0	0.0	6.75056090905e-13	0.5	9.14441453953e-12
1488	0.0	0.0	3.69708547645e-13	0.5	1.21516304832e-11
1489	0.0	0.0	4.96004051833e-15	0.5	1.99094638397e-14
1490	0.0	0.0	3.02066768057e-15	0.5	2.37939591781e-14
1491	0.0	0.0	8.94894346401e-14	0.5	5.65551089375e-13
1492	0.0	0.0	2.55735250591e-14	0.5	2.58564177258e-13
1493	0.0	0.0	3.69708547645e-13	0.5	1.21516304832e-11
1494	0.0	0.0	8.64283695396e-13	0.5	1.0785188184e-11
1495	0.0	0.0	5.72824755739e-12	0.5	3.77344724057e-09
1496	0.0	0.0	1.08997190652e-12	0.5	1.48077132814e-11
1497	0.0	0.0	2.61805779801e-14	0.5	3.05581489142e-13
1498	0.0	0.0	2.61805779801e-14	0.5	3.05581489142e-13
1499	0.0	0.0	5.55403469815e-14	0.5	7.00886880133e-13
1500	0.0	0.0	3.0074854929e-10	0.5	3.00034089762e-09
1501	0.0	0.0	4.96004051833e-15	0.5	1.99094638397e-14
1502	0.0	0.0	6.75056090905e-13	0.5	9.14441453953e-12
1503	0.0	0.0	4.47987823849e-14	0.5	3.83411223107e-13
1504	0.0	0.0	4.47987823849e-14	0.5	3.83411223107e-13
1505	0.0	0.0	2.94152306529e-12	0.5	1.16037301744e-10
1506	0.0	0.0	1.33854647195e-10	0.5	1.13850445373e-07
1507	0.0	0.0	2.55735250591e-14	0.5	2.58564177258e-13
1508	0.0	0.0	3.69708547645e-13	0.5	1.21516304832e-11
1509	0.0	0.0	5.55403469815e-14	0.5	7.00886880133e-13
1510	0.0	0.0	1.45736876019e-14	0.5	8.32463644204e-14
1511	0.0	0.0	3.69708547645e-13	0.5	1.21516304832e-11
1512	0.0	0.0	4.96004051833e-15	0.5	1.99094638397e-14
1513	0.0	0.0	2.55735250591e-14	0.5	2.58564177258e-13
1514	0.0	0.0	8.94894346401e-14	0.5	5.65551089375e-13
1515	0.0	0.0	3.02066768057e-15	0.5	2.37939591781e-14
1516	0.0	0.0	6.75056090905e-13	0.5	9.14441453953e-12
1517	0.0	0.0	6.66239833721e-18	0.5	2.50614749735e-17
1518	0.0	0.0	1.28592933574e-12	0.5	2.41644134301e-11
1519	0.0	0.0	3.69708547645e-13	0.5	1.21516304832e-11
1520	0.0	0.0	4.63881307229e-15	0.5	7.93619416158e-15
1521	0.0	0.0	6.75056090905e-13	0.5	9.14441453953e-12
1522	0.0	0.0	1.45736876019e-14	0.5	8.32463644204e-14
1523	0.0	0.0	1.45736876019e-14	0.5	8.32463644204e-14
1524	0.0	0.0	8.94894346401e-14	0.5	5.65551089375e-13
1525	0.0	0.0	1.61934182729e-09	0.5	1.90290593486e-08
1526	0.0	0.0	4.96004051833e-15	0.5	1.99094638397e-14
1527	0.0	0.0	4.35736989909e-17	0.5	3.81606561741e-16
1528	0.0	0.0	4.47987823849e-14	0.5	3.83411223107e-13
1529	0.0	0.0	1.34052071673e-11	0.5	5.04160313984e-11
1530	0.0	0.0	1.28592933574e-12	0.5	2.41644134301e-11
1531	0.0	0.0	1.28592933574e-12	0.5	2.41644134301e-11
1532	0.0	0.0	1.90277087584e-11	0.5	8.61574005853e-10
1533	0.0	0.0	2.25315707206e-17	0.5	4.9735348729e-17
1534	0.0	0.0	6.75056090905e-13	0.5	9.14441453953e-12
1535	0.0	0.0	1.28592933574e-12	0.5	2.41644134301e-11
1536	0.0	0.0	2.55735250591e-14	0.5	2.58564177258e-13
1537	0.0	0.0	8.94894346401e-14	0.5	5.65551089375e-13
1538	0.0	0.0	4.34470627879e-13	0.5	1.0709479101e-13
1539	0.0	0.0	6.42780052449e-10	0.5	3.61715626775e-08
1540	0.0	0.0	2.25315707206e-17	0.5	4.9735348729e-17
1541	0.0	0.0	4.47987823849e-14	0.5	3.83411223107e-13
1542	0.0	0.0	6.66239833721e-18	0.5	2.50614749735e-17
1543	0.0	0.0	7.14901614206e-14	0.5	4.56526858701e-12
1544	0.0	0.0	2.25315707206e-17	0.5	4.9735348729e-17
1545	0.0	0.0	8.64283695396e-13	0.5	1.0785188184e-11
1546	0.0	0.0	5.55403469815e-14	0.5	7.00886880133e-13
1547	0.0	0.0	2.71311609175e-15	0.5	3.61999315596e-14
1548	0.0	0.0	2.25315707206e-17	0.5	4.9735348729e-17
1549	0.0	0.0	4.96004051833e-15	0.5	1.99094638397e-14
1550	0.0	0.0	8.94894346401e-14	0.5	5.65551089375e-13
1551	0.0	0.0	7.71114971201e-14	0.5	6.85587792367e-13
1552	0.0	0.0	1.08997190652e-12	0.5	1.48077132814e-11
1553	0.0	0.0	7.92052227271e-15	0.5	4.74195839862e-13
1554	0.0	0.0	4.96004051833e-15	0.5	1.99094638397e-14
1555	0.0	0.0	4.47987823849e-14	0.5	3.83411223107e-13
1556	0.0	0.0	6.66239833721e-18	0.5	2.50614749735e-17
1557	0.0	0.0	4.96004051833e-15	0.5	1.99094638397e-14
1558	0.0	0.0	2.55735250591e-14	0.5	2.58564177258e-13
1559	0.0	0.0	2.25315707206e-17	0.5	4.9735348729e-17
1560	0.0	0.0	8.94894346401e-14	0.5	5.65551089375e-13
1561	0.0	0.0	1.08997190652e-12	0.5	1.48077132814e-11
1562	0.0	0.0	4.96004051833e-15	0.5	1.99094638397e-14
1563	0.0	0.0	6.75056090905e-13	0.5	9.14441453953e-12
1564	0.0	0.0	3.69708547645e-13	0.5	1.21516304832e-11
1565	0.0	0.0	3.69708547645e-13	0.5	1.21516304832e-11
1566	0.0	0.0	3.69708547645e-13	0.5	1.21516304832e-11
1567	0.0	0.0	1.08997190652e-12	0.5	1.48077132814e-11
1568	0.0	0.0	8.94894346401e-14	0.5	5.65551089375e-13
1569	0.0	0.0	3.70891706437e-13	0.5	1.05197758484e-11
1570	0.0	0.0	6.75056090905e-13	0.5	9.14441453953e-12
1571	0.0	0.0	6.75056090905e-13	0.5	9.14441453953e-12
1572	0.0	0.0	6.75056090905e-13	0.5	9.14441453953e-12
1573	0.0	0.0	8.94894346401e-14	0.5	5.65551089375e-13
1574	0.0	0.0	3.69708547645e-13	0.5	1.21516304832e-11
1575	0.0	0.0	1.28592933574e-12	0.5	2.41644134301e-11
1576	0.0	0.0	1.08997190652e-12	0.5	1.48077132814e-11
1577	0.0	0.0	1.08997190652e-12	0.5	1.48077132814e-11
1578	0.0	0.0	1.08997190652e-12	0.5	1.48077132814e-11
1579	0.0	0.0	2.55735250591e-14	0.5	2.58564177258e-13
1580	0.0	0.0	3.02066768057e-15	0.5	2.37939591781e-14
1581	0.0	0.0	3.70891706437e-13	0.5	1.05197758484e-11
1582	0.0	0.0	6.75056090905e-13	0.5	9.14441453953e-12
1583	0.0	0.0	8.64283695396e-13	0.5	1.0785188184e-11
1584	0.0	0.0	1.08997190652e-12	0.5	1.48077132814e-11
1585	0.0	0.0	6.75056090905e-13	0.5	9.14441453953e-12
1586	0.0	0.0	1.28592933574e-12	0.5	2.41644134301e-11
1587	0.0	0.0	5.55403469815e-14	0.5	7.00886880133e-13
1588	0.0	0.0	2.55735250591e-14	0.5	2.58564177258e-13
1589	0.0	0.0	3.69708547645e-13	0.5	1.21516304832e-11
1590	0.0	0.0	4.96004051833e-15	0.5	1.99094638397e-14
1591	0.0	0.0	1.08997190652e-12	0.5	1.48077132814e-11
1592	0.0	0.0	8.64283695396e-13	0.5	1.0785188184e-11
1593	0.0	0.0	1.45736876019e-14	0.5	8.32463644204e-14
1594	0.0	0.0	5.55403469815e-14	0.5	7.00886880133e-13
1595	0.0	0.0	5.55403469815e-14	0.5	7.00886880133e-13
1596	0.0	0.0	8.94894346401e-14	0.5	5.65551089375e-13
1597	0.0	0.0	8.64283695396e-13	0.5	1.0785188184e-11
1598	0.0	0.0	5.55403469815e-14	0.5	7.00886880133e-13
1599	0.0	0.0	2.25315707206e-17	0.5	4.9735348729e-17
1600	0.0	0.0	1.28592933574e-12	0.5	2.41644134301e-11
1601	0.0	0.0	4.96004051833e-15	0.5	1.99094638397e-14
1602	0.0	0.0	5.55403469815e-14	0.5	7.00886880133e-13
1603	0.0	0.0	4.47987823849e-14	0.5	3.83411223107e-13
1604	0.0	0.0	4.47987823849e-14	0.5	3.83411223107e-13
1605	0.0	0.0	3.69708547645e-13	0.5	1.21516304832e-11
1606	0.0	0.0	5.55403469815e-14	0.5	7.00886880133e-13
1607	0.0	0.0	3.02066768057e-15	0.5	2.37939591781e-14
1608	0.0	0.0	3.69708547645e-13	0.5	1.21516304832e-11
1609	0.0	0.0	3.70891706437e-13	0.5	1.05197758484e-11
1610	0.0	0.0	5.55403469815e-14	0.5	7.00886880133e-13
1611	0.0	0.0	1.08997190652e-12	0.5	1.48077132814e-11
1612	0.0	0.0	4.35736989909e-17	0.5	3.81606561741e-16
1613	0.0	0.0	5.55403469815e-14	0.5	7.00886880133e-13
1614	0.0	0.0	2.61805779801e-14	0.5	3.05581489142e-13
1615	0.0	0.0	3.69708547645e-13	0.5	1.21516304832e-11
1616	0.0	0.0	4.47987823849e-14	0.5	3.83411223107e-13
1617	0.0	0.0	1.23884271885e-15	0.5	5.82514705476e-15
1618	0.0	0.0	3.11180364594e-13	0.5	1.55697147608e-12
1619	0.0	0.0	8.64283695396e-13	0.5	1.0785188184e-11
1620	0.0	0.0	1.45736876019e-14	0.5	8.32463644204e-14
1621	0.0	0.0	1.69178681271e-15	0.5	5.46937531197e-15
1622	0.0	0.0	3.69708547645e-13	0.5	1.21516304832e-11
1623	0.0	0.0	6.75056090905e-13	0.5	9.14441453953e-12
1624	0.0	0.0	1.69178681271e-15	0.5	5.46937531197e-15
1625	0.0	0.0	3.70891706437e-13	0.5	1.05197758484e-11
1626	0.0	0.0	5.53742484472e-10	0.5	1.13414751243e-12
1627	0.0	0.0	2.61805779801e-14	0.5	3.05581489142e-13
1628	0.0	0.0	1.28592933574e-12	0.5	2.41644134301e-11
1629	0.0	0.0	1.90535802465e-10	0.5	2.7377587113e-08
1630	0.0	0.0	1.01820311881e-05	0.5	0.0209080505509
1631	0.0	0.0	3.69708547645e-13	0.5	1.21516304832e-11
1632	0.0	0.0	8.64283695396e-13	0.5	1.0785188184e-11
1633	0.0	0.0	4.2396229714e-14	0.5	4.02964437964e-13
1634	0.0	0.0	5.06283232441e-12	0.5	5.40799917567e-11
1635	0.0	0.0	1.28592933574e-12	0.5	2.41644134301e-11
1636	0.0	0.0	4.47987823849e-14	0.5	3.83411223107e-13
1637	0.0	0.0	2.25315707206e-17	0.5	4.9735348729e-17
1638	0.0	0.0	2.25315707206e-17	0.5	4.9735348729e-17
1639	0.0	0.0	1.28592933574e-12	0.5	2.41644134301e-11
1640	0.0	0.0	1.52916976261e-14	0.5	1.77634314068e-13
1641	0.0	0.0	1.0613693203e-12	0.5	5.40358129894e-12
1642	0.0	0.0	1.69348723521e-16	0.5	8.46622504531e-16
1643	0.0	0.0	2.61805779801e-14	0.5	3.05581489142e-13
1644	0.0	0.0	2.25315707206e-17	0.5	4.9735348729e-17
1645	0.0	0.0	2.55735250591e-14	0.5	2.58564177258e-13
1646	0.0	0.0	1.37048873042e-12	0.5	3.47671977822e-13
1647	0.0	0.0	1.08997190652e-12	0.5	1.48077132814e-11
1648	0.0	0.0	1.78053946929e-15	0.5	4.67373955779e-15
1649	0.0	0.0	1.28592933574e-12	0.5	2.41644134301e-11
1650	0.0	0.0	1.0613693203e-12	0.5	5.40358129894e-12
1651	0.0	0.0	8.64283695396e-13	0.5	1.0785188184e-11
1652	0.0	0.0	3.02066768057e-15	0.5	2.37939591781e-14
1653	0.0	0.0	4.47987823849e-14	0.5	3.83411223107e-13
1654	0.0	0.0	1.28592933574e-12	0.5	2.41644134301e-11
1655	0.0	0.0	2.25315707206e-17	0.5	4.9735348729e-17
1656	0.0	0.0	3.02066768057e-15	0.5	2.37939591781e-14
1657	0.0	0.0	1.08997190652e-12	0.5	1.48077132814e-11
1658	0.0	0.0	8.94894346401e-14	0.5	5.65551089375e-13
1659	0.0	0.0	4.96004051833e-15	0.5	1.99094638397e-14
1660	0.0	0.0	4.47987823849e-14	0.5	3.83411223107e-13
1661	0.0	0.0	1.52916976261e-14	0.5	1.77634314068e-13
1662	0.0	0.0	6.75056090905e-13	0.5	9.14441453953e-12
1663	0.0	0.0	2.71311609175e-15	0.5	3.61999315596e-14
1664	0.0	0.0	6.66239833721e-18	0.5	2.50614749735e-17
1665	0.0	0.0	1.28592933574e-12	0.5	2.41644134301e-11
1666	0.0	0.0	4.47987823849e-14	0.5	3.83411223107e-13
1667	0.0	0.0	2.4911763806e-12	0.5	4.4164506198e-09
1668	0.0	0.0	1.28592933574e-12	0.5	2.41644134301e-11
1669	0.0	0.0	3.69708547645e-13	0.5	1.21516304832e-11
1670	0.0	0.0	8.64283695396e-13	0.5	1.0785188184e-11
1671	0.0	0.0	3.69708547645e-13	0.5	1.21516304832e-11
1672	0.0	0.0	1.45736876019e-14	0.5	8.32463644204e-14
1673	0.0	0.0	2.61805779801e-14	0.5	3.05581489142e-13
1674	0.0	0.0	1.52916976261e-14	0.5	1.77634314068e-13
1675	0.0	0.0	1.08997190652e-12	0.5	1.48077132814e-11
1676	0.0	0.0	1.28592933574e-12	0.5	2.41644134301e-11
1677	0.0	0.0	4.96004051833e-15	0.5	1.99094638397e-14
1678	0.0	0.0	5.55403469815e-14	0.5	7.00886880133e-13
1679	0.0	0.0	4.96004051833e-15	0.5	1.99094638397e-14
1680	0.0	0.0	4.47987823849e-14	0.5	3.83411223107e-13
1681	0.0	0.0	5.55403469815e-14	0.5	7.00886880133e-13
1682	0.0	0.0	3.02066768057e-15	0.5	2.37939591781e-14
1683	0.0	0.0	4.47987823849e-14	0.5	3.83411223107e-13
1684	0.0	0.0	2.55735250591e-14	0.5	2.58564177258e-13
1685	0.0	0.0	1.28592933574e-12	0.5	2.41644134301e-11
1686	0.0	0.0	1.52916976261e-14	0.5	1.77634314068e-13
1687	0.0	0.0	1.3775787415e-14	0.5	3.7606680955e-14
1688	0.0	0.0	2.25315707206e-17	0.5	4.9735348729e-17
1689	0.0	0.0	3.02066768057e-15	0.5	2.37939591781e-14
1690	0.0	0.0	5.55403469815e-14	0.5	7.00886880133e-13
1691	0.0	0.0	5.55403469815e-14	0.5	7.00886880133e-13
1692	0.0	0.0	1.52916976261e-14	0.5	1.77634314068e-13
1693	0.0	0.0	3.69708547645e-13	0.5	1.21516304832e-11
1694	0.0	0.0	3.02066768057e-15	0.5	2.37939591781e-14
1695	0.0	0.0	8.64283695396e-13	0.5	1.0785188184e-11
1696	0.0	0.0	8.94894346401e-14	0.5	5.65551089375e-13
1697	0.0	0.0	2.55735250591e-14	0.5	2.58564177258e-13
1698	0.0	0.0	2.25315707206e-17	0.5	4.9735348729e-17
1699	0.0	0.0	8.94894346401e-14	0.5	5.65551089375e-13
1700	0.0	0.0	2.61805779801e-14	0.5	3.05581489142e-13
1701	0.0	0.0	8.71861221154e-13	0.5	1.07946287382e-11
1702	0.0	0.0	8.94894346401e-14	0.5	5.65551089375e-13
1703	0.0	0.0	3.70891706437e-13	0.5	1.05197758484e-11
1704	0.0	0.0	5.55403469815e-14	0.5	7.00886880133e-13
1705	0.0	0.0	2.25315707206e-17	0.5	4.9735348729e-17
1706	0.0	0.0	6.75056090905e-13	0.5	9.14441453953e-12
1707	0.0	0.0	1.45736876019e-14	0.5	8.32463644204e-14
1708	0.0	0.0	8.94894346401e-14	0.5	5.65551089375e-13
1709	0.0	0.0	1.45736876019e-14	0.5	8.32463644204e-14
1710	0.0	0.0	1.28592933574e-12	0.5	2.41644134301e-11
1711	0.0	0.0	1.52916976261e-14	0.5	1.77634314068e-13
1712	0.0	0.0	1.52916976261e-14	0.5	1.77634314068e-13
1713	0.0	0.0	2.61805779801e-14	0.5	3.05581489142e-13
1714	0.0	0.0	1.69178681271e-15	0.5	5.46937531197e-15
1715	0.0	0.0	5.55403469815e-14	0.5	7.00886880133e-13
1716	0.0	0.0	5.55403469815e-14	0.5	7.00886880133e-13
1717	0.0	0.0	1.23272453044e-11	0.5	3.80742680786e-11
1718	0.0	0.0	1.01048074865e-13	0.5	4.79479289302e-13
1719	0.0	0.0	8.64283695396e-13	0.5	1.0785188184e-11
1720	0.0	0.0	3.89387427118e-10	0.5	1.79937112472e-08
1721	0.0	0.0	6.75056090905e-13	0.5	9.14441453953e-12
1722	0.0	0.0	6.75056090905e-13	0.5	9.14441453953e-12
1723	0.0	0.0	1.69178681271e-15	0.5	5.46937531197e-15
1724	0.0	0.0	1.52916976261e-14	0.5	1.77634314068e-13
1725	0.0	0.0	8.64283695396e-13	0.5	1.0785188184e-11
1726	0.0	0.0	5.63986948662e-14	0.5	1.52913192366e-11
1727	0.0	0.0	1.52916976261e-14	0.5	1.77634314068e-13
1728	0.0	0.0	1.20188105045e-12	0.5	4.33806171579e-12
1729	0.0	0.0	3.70891706437e-13	0.5	1.05197758484e-11
1730	0.0	0.0	0.000543300699308	0.5	0.0468410202747
1731	0.0	0.0	1.28592933574e-12	0.5	2.41644134301e-11
1732	0.0	0.0	8.61482210722e-13	0.5	4.88217111748e-11
1733	0.0	0.0	2.61805779801e-14	0.5	3.05581489142e-13
1734	0.0	0.0	5.67218609781e-14	0.5	8.66938761081e-13
1735	0.0	0.0	8.53263187021e-12	0.5	8.30725302827e-10
1736	0.0	0.0	2.61805779801e-14	0.5	3.05581489142e-13
1737	0.0	0.0	1.52916976261e-14	0.5	1.77634314068e-13
1738	0.0	0.0	8.64283695396e-13	0.5	1.0785188184e-11
1739	0.0	0.0	8.94894346401e-14	0.5	5.65551089375e-13
1740	0.0	0.0	3.69708547645e-13	0.5	1.21516304832e-11
1741	0.0	0.0	2.32093354038e-12	0.5	1.12305747169e-08
1742	0.0	0.0	9.28086277438e-15	0.5	1.4340300837e-11
1743	0.0	0.0	1.50124164179e-08	0.5	2.6753545224e-08
1744	0.0	0.0	7.91605839379e-13	0.5	3.76313189211e-12
1745	0.0	0.0	1.05100536455e-10	0.5	2.27040109191e-09
1746	0.0	0.0	2.61805779801e-14	0.5	3.05581489142e-13
1747	0.0	0.0	2.61805779801e-14	0.5	3.05581489142e-13
1748	0.0	0.0	4.47987823849e-14	0.5	3.83411223107e-13
1749	0.0	0.0	3.52931994328e-11	0.5	1.66936286651e-10
1750	0.0	0.0	4.47987823849e-14	0.5	3.83411223107e-13
1751	0.0	0.0	8.94894346401e-14	0.5	5.65551089375e-13
1752	0.0	0.0	2.75551461225e-08	0.5	5.59653335887e-08
1753	0.0	0.0	6.75056090905e-13	0.5	9.14441453953e-12
1754	0.0	0.0	1.45736876019e-14	0.5	8.32463644204e-14
1755	0.0	0.0	1.52916976261e-14	0.5	1.77634314068e-13
1756	0.0	0.0	2.61805779801e-14	0.5	3.05581489142e-13
1757	0.0	0.0	5.40680907439e-14	0.5	2.99489090785e-13
1758	0.0	0.0	3.75128731798e-13	0.5	5.43794610963e-12
1759	0.0	0.0	9.78030636914e-08	0.5	1.3365239012e-05
1760	0.0	0.0	8.94894346401e-14	0.5	5.65551089375e-13
1761	0.0	0.0	4.47987823849e-14	0.5	3.83411223107e-13
1762	0.0	0.0	1.52916976261e-14	0.5	1.77634314068e-13
1763	0.0	0.0	1.28592933574e-12	0.5	2.41644134301e-11
1764	0.0	0.0	2.55735250591e-14	0.5	2.58564177258e-13
1765	0.0	0.0	4.96004051833e-15	0.5	1.99094638397e-14
1766	0.0	0.0	2.55735250591e-14	0.5	2.58564177258e-13
1767	0.0	0.0	8.94894346401e-14	0.5	5.65551089375e-13
1768	0.0	0.0	1.45736876019e-14	0.5	8.32463644204e-14
1769	0.0	0.0	1.45736876019e-14	0.5	8.32463644204e-14
1770	0.0	0.0	4.47987823849e-14	0.5	3.83411223107e-13
1771	0.0	0.0	2.61805779801e-14	0.5	3.05581489142e-13
1772	0.0	0.0	1.08997190652e-12	0.5	1.48077132814e-11
1773	0.0	0.0	4.47987823849e-14	0.5	3.83411223107e-13
1774	0.0	0.0	6.75056090905e-13	0.5	9.14441453953e-12
1775	0.0	0.0	1.45736876019e-14	0.5	8.32463644204e-14
1776	0.0	0.0	2.25315707206e-17	0.5	4.9735348729e-17
1777	0.0	0.0	8.94894346401e-14	0.5	5.65551089375e-13
1778	0.0	0.0	1.45736876019e-14	0.5	8.32463644204e-14
1779	0.0	0.0	1.45736876019e-14	0.5	8.32463644204e-14
1780	0.0	0.0	8.94894346401e-14	0.5	5.65551089375e-13
1781	0.0	0.0	2.25315707206e-17	0.5	4.9735348729e-17
1782	0.0	0.0	2.25315707206e-17	0.5	4.9735348729e-17
1783	0.0	0.0	8.94894346401e-14	0.5	5.65551089375e-13
1784	0.0	0.0	3.70891706437e-13	0.5	1.05197758484e-11
1785	0.0	0.0	4.47987823849e-14	0.5	3.83411223107e-13
1786	0.0	0.0	8.94894346401e-14	0.5	5.65551089375e-13
1787	0.0	0.0	1.08997190652e-12	0.5	1.48077132814e-11
1788	0.0	0.0	1.45736876019e-14	0.5	8.32463644204e-14
1789	0.0	0.0	2.61805779801e-14	0.5	3.05581489142e-13
1790	0.0	0.0	2.25315707206e-17	0.5	4.9735348729e-17
1791	0.0	0.0	4.47987823849e-14	0.5	3.83411223107e-13
1792	0.0	0.0	2.61805779801e-14	0.5	3.05581489142e-13
1793	0.0	0.0	5.55403469815e-14	0.5	7.00886880133e-13
1794	0.0	0.0	2.61805779801e-14	0.5	3.05581489142e-13
1795	0.0	0.0	2.71311609175e-15	0.5	3.61999315596e-14
1796	0.0	0.0	5.55403469815e-14	0.5	7.00886880133e-13
1797	0.0	0.0	2.61805779801e-14	0.5	3.05581489142e-13
1798	0.0	0.0	4.47987823849e-14	0.5	3.83411223107e-13
1799	0.0	0.0	2.61805779801e-14	0.5	3.05581489142e-13
1800	0.0	0.0	6.75056090905e-13	0.5	9.14441453953e-12
1801	0.0	0.0	5.55403469815e-14	0.5	7.00886880133e-13
1802	0.0	0.0	2.61805779801e-14	0.5	3.05581489142e-13
1803	0.0	0.0	5.55403469815e-14	0.5	7.00886880133e-13
1804	0.0	0.0	4.47987823849e-14	0.5	3.83411223107e-13
1805	0.0	0.0	1.52916976261e-14	0.5	1.77634314068e-13
1806	0.0	0.0	4.96004051833e-15	0.5	1.99094638397e-14
1807	0.0	0.0	2.61805779801e-14	0.5	3.05581489142e-13
1808	0.0	0.0	4.47987823849e-14	0.5	3.83411223107e-13
1809	0.0	0.0	6.2931376026e-08	0.5	7.66335465653e-07
1810	0.0	0.0	1.52916976261e-14	0.5	1.77634314068e-13
1811	0.0	0.0	5.55403469815e-14	0.5	7.00886880133e-13
1812	0.0	0.0	1.52916976261e-14	0.5	1.77634314068e-13
1813	0.0	0.0	2.61805779801e-14	0.5	3.05581489142e-13
1814	0.0	0.0	2.61805779801e-14	0.5	3.05581489142e-13
1815	1.0	1.0			
1816	1.0	1.0			
1817	1.0	1.0			
1818	1.0	1.0			
1819	1.0	1.0			
1820	1.0	1.0			
1821	1.0	1.0			
1822	1.0	1.0			
1823	1.0	1.0			
1824	1.0	1.0			
1825	1.0	1.0			
1826	1.0	1.0			
1827	1.0	1.0			
1828	1.0	1.0			
1829	1.0	1.0			
1830	1.0	1.0			
1831	1.0	1.0			
1832	1.0	1.0			
